4 1 0 0 2 1 0 0 13 1 1 1
1 0 0 0 2 0 1 0 17 1 1 1
1 0 0 1 0 0 1 1 6 1 1 1
1 0 0 0 2 0 1 0 6 0 1 0
4 1 0 2 0 0 1 0 13 2 2 1
1 1 0 1 0 0 2 0 11 1 1 1
1 0 1 0 0 2 0 0 3 0 1 0
2 1 0 0 0 1 1 1 12 1 1 1
2 0 0 0 0 1 1 1 11 1 1 1
4 1 0 0 0 0 1 2 10 2 2 1
4 1 0 0 0 0 1 2 9 1 1 1
0 1 0 1 0 1 1 0 16 1 1 1
0 1 0 1 0 1 1 0 15 1 1 1
0 1 0 1 0 1 1 0 13 1 1 1
0 1 0 1 0 1 1 0 11 1 1 1
4 1 0 2 0 0 0 1 8 2 2 1
0 0 0 0 1 1 1 0 15 1 2 0.5
0 0 0 1 0 1 0 1 1 0 1 0
3 1 0 1 0 1 1 0 8 1 1 1
3 1 0 1 0 1 1 0 7 1 1 1
3 1 1 0 1 0 0 1 4 1 1 1
1 0 0 0 2 0 1 0 5 1 1 1
1 0 1 0 0 0 1 1 2 0 1 0
2 0 0 1 0 0 0 2 3 1 1 1
2 0 0 1 1 0 1 0 16 1 1 1
0 1 1 0 1 1 0 0 2 1 1 1
2 0 0 1 0 0 1 1 14 3 4 0.75
3 0 2 0 0 0 1 0 7 1 1 1
1 0 0 0 0 3 0 0 11 1 2 0.5
1 0 0 0 0 3 0 0 10 2 2 1
0 1 0 0 2 0 1 0 14 1 1 1
2 0 0 0 0 3 0 0 16 0 1 0
2 0 0 0 0 3 0 0 15 1 1 1
2 0 0 0 0 3 0 0 14 1 1 1
2 1 0 0 0 1 1 1 11 1 1 1
1 0 1 0 0 1 1 0 16 1 2 0.5
0 1 0 3 0 0 0 0 1 1 1 1
1 0 0 1 0 1 1 0 11 1 1 1
1 1 0 0 0 3 0 0 12 1 1 1
3 0 0 1 0 2 0 0 10 3 3 1
4 1 0 0 0 1 0 2 13 1 1 1
0 1 0 0 2 0 1 0 16 2 2 1
0 0 0 2 0 0 1 0 3 1 1 1
4 1 1 2 0 0 0 0 5 1 1 1
2 1 1 0 0 0 1 1 6 1 1 1
3 0 1 0 0 1 0 1 6 1 1 1
1 0 0 1 0 1 1 0 15 0 1 0
1 0 0 0 0 1 1 1 15 1 1 1
2 1 0 0 0 2 1 0 13 1 1 1
1 1 0 0 1 0 1 1 7 1 1 1
3 0 0 0 2 0 1 0 18 0 1 0
1 1 0 0 0 0 1 2 7 1 1 1
1 1 0 0 0 1 0 2 6 1 1 1
3 1 0 0 0 2 1 0 18 1 1 1
1 1 0 0 0 2 1 0 10 1 1 1
1 0 0 0 0 2 1 0 7 2 2 1
3 0 0 1 0 2 0 0 6 0 1 0
3 0 1 1 0 0 1 0 9 2 2 1
3 0 1 1 0 0 1 0 8 1 1 1
3 0 1 1 0 0 1 0 7 2 2 1
4 1 0 0 1 0 0 2 16 2 2 1
0 0 0 1 0 1 1 0 18 3 3 1
0 0 2 0 0 0 1 0 1 0 1 0
3 0 0 0 0 0 0 3 6 1 1 1
0 1 0 0 2 0 1 0 13 3 3 1
0 1 0 0 2 0 1 0 12 3 3 1
0 0 0 2 0 0 1 0 4 1 1 1
2 0 0 0 1 1 0 1 5 0 1 0
2 0 0 0 1 1 0 1 4 1 1 1
0 1 0 1 1 1 0 0 3 1 1 1
2 0 0 0 2 0 1 0 17 2 2 1
2 0 0 1 0 1 1 0 11 1 1 1
1 1 1 0 0 2 0 0 4 1 1 1
4 1 0 0 1 1 0 1 15 2 2 1
3 1 0 1 0 1 1 0 18 1 1 1
2 1 0 0 0 0 1 2 9 1 1 1
1 0 0 0 0 1 0 2 3 1 1 1
4 1 1 0 0 2 0 0 13 2 2 1
2 1 0 0 0 1 1 1 13 2 2 1
3 1 0 1 1 0 0 1 5 1 1 1
3 1 0 0 1 0 1 1 9 1 1 1
2 0 0 0 0 1 0 2 6 0 1 0
2 0 0 0 0 1 0 2 5 1 1 1
3 0 0 0 1 0 0 2 5 1 1 1
0 0 0 1 0 2 0 0 2 1 1 1
3 1 0 0 1 1 1 0 18 4 4 1
3 1 0 1 0 1 1 0 17 1 1 1
3 0 1 0 0 2 0 0 16 1 2 0.5
1 0 0 1 0 0 1 1 8 2 4 0.5
2 0 1 0 0 0 1 1 6 2 2 1
2 1 0 1 0 1 1 0 15 3 3 1
4 1 0 1 0 0 0 2 10 1 1 1
4 1 0 1 0 0 0 2 9 1 1 1
2 1 0 0 1 0 1 1 11 1 1 1
3 0 1 0 0 0 1 1 13 1 1 1
3 0 1 0 0 0 1 1 12 1 1 1
3 0 1 0 0 0 1 1 11 1 1 1
3 0 1 0 0 1 1 0 17 1 1 1
2 1 0 0 1 1 1 0 18 1 1 1
2 1 0 1 0 0 2 0 9 1 1 1
3 0 0 1 0 2 0 0 16 1 1 1
1 0 0 1 0 2 0 0 4 2 2 1
2 1 0 0 2 0 0 1 4 1 1 1
2 1 2 1 0 0 0 0 2 2 2 1
3 1 0 0 1 0 1 1 10 1 1 1
2 0 2 1 0 0 0 0 1 1 1 1
2 0 0 1 2 0 0 0 3 2 2 1
2 0 1 0 0 2 0 0 4 1 1 1
1 0 0 0 2 0 1 0 9 1 1 1
1 1 0 0 2 0 1 0 11 3 3 1
4 1 1 0 0 0 0 2 7 1 1 1
4 1 0 0 0 0 0 3 15 1 1 1
0 0 0 0 0 1 1 1 13 1 1 1
0 0 0 0 0 1 1 1 12 1 1 1
0 1 0 0 2 0 1 0 15 1 1 1
1 1 0 0 1 0 1 1 10 1 1 1
1 1 0 1 1 0 0 1 3 1 1 1
1 0 0 1 0 0 0 2 3 1 2 0.5
1 0 1 0 0 1 1 0 15 2 2 1
1 1 0 0 0 2 1 0 13 1 1 1
4 1 0 1 0 2 0 0 16 1 1 1
2 1 0 1 0 1 1 0 9 1 1 1
2 1 0 0 0 3 0 0 17 2 2 1
1 0 0 0 0 1 1 1 18 0 1 0
1 1 0 0 0 1 1 1 16 1 1 1
1 1 0 0 0 1 1 1 15 1 1 1
1 1 0 0 0 1 1 1 14 1 1 1
1 1 0 0 0 1 1 1 13 1 1 1
3 0 0 1 0 0 1 1 13 0 1 0
0 0 0 0 1 0 1 1 16 2 2 1
3 0 0 2 0 1 0 0 5 1 1 1
2 0 0 1 1 0 0 1 3 2 2 1
3 0 0 2 0 0 1 0 9 1 1 1
1 0 0 1 1 0 1 0 5 2 2 1
1 0 0 0 1 0 1 1 10 2 3 0.666667
0 1 0 0 0 3 0 0 17 2 3 0.666667
0 1 0 0 0 3 0 0 16 1 1 1
1 0 0 1 0 1 1 0 18 4 5 0.8
0 1 0 0 0 3 0 0 15 1 1 1
1 0 0 1 0 1 1 0 10 1 2 0.5
0 1 0 1 0 2 0 0 5 2 2 1
1 0 0 0 0 0 1 2 17 0 1 0
3 1 0 0 0 1 0 2 7 1 1 1
2 1 0 0 2 0 0 1 5 4 4 1
2 1 0 1 1 0 0 1 4 1 1 1
2 0 0 1 0 1 0 1 4 1 1 1
0 0 0 0 0 0 0 3 3 0 1 0
2 0 1 0 1 0 1 0 7 5 5 1
3 1 0 2 0 0 0 1 5 6 6 1
3 1 2 0 0 1 0 0 4 1 1 1
4 1 0 0 1 2 0 0 18 1 1 1
0 0 0 1 0 1 1 0 14 2 3 0.666667
2 0 0 0 1 2 0 0 6 1 1 1
2 0 0 0 1 2 0 0 7 2 2 1
3 1 0 2 0 0 1 0 13 1 1 1
4 1 0 2 0 1 0 0 12 5 5 1
4 1 0 2 0 1 0 0 10 2 2 1
3 1 0 2 0 0 1 0 10 4 4 1
4 1 0 2 0 1 0 0 9 3 3 1
3 0 1 0 0 0 0 2 6 6 7 0.857143
0 1 0 0 0 3 0 0 14 2 2 1
0 1 0 0 0 3 0 0 13 1 1 1
0 0 0 1 1 1 0 0 1 1 1 1
3 0 1 0 1 0 1 0 18 2 3 0.666667
3 0 1 0 1 0 1 0 17 1 1 1
3 1 2 0 0 0 1 0 7 3 3 1
1 0 0 1 0 1 1 0 17 3 3 1
1 0 0 1 0 1 1 0 16 3 3 1
2 0 0 2 0 0 0 1 3 3 4 0.75
2 0 0 0 1 0 1 1 14 1 1 1
2 0 0 1 0 0 1 1 17 0 1 0
1 0 0 1 0 0 1 1 17 1 5 0.2
3 0 0 1 0 2 0 0 17 3 3 1
1 0 1 0 0 1 1 0 13 5 6 0.833333
2 1 0 0 0 0 1 2 13 1 1 1
2 1 0 0 0 0 1 2 12 1 1 1
4 1 0 0 1 0 0 2 12 2 2 1
2 0 0 2 0 0 1 0 14 5 5 1
4 1 1 1 0 0 1 0 10 1 1 1
2 1 0 2 0 0 1 0 6 1 1 1
3 0 0 1 0 0 1 1 18 0 2 0
3 1 1 0 0 0 0 2 5 2 2 1
0 1 0 0 2 0 1 0 17 2 2 1
3 1 0 0 1 1 1 0 17 1 1 1
3 1 0 0 1 1 1 0 15 1 1 1
0 0 0 0 0 2 1 0 9 0 1 0
0 1 0 1 0 1 1 0 14 3 3 1
0 1 0 2 0 1 0 0 3 2 2 1
3 0 0 1 1 0 1 0 18 3 3 1
0 0 0 1 0 1 1 0 4 1 1 1
1 1 0 1 0 1 1 0 13 6 6 1
3 1 1 0 0 0 1 1 8 1 1 1
3 1 1 0 0 1 1 0 14 3 3 1
1 0 0 0 0 2 0 1 6 2 3 0.666667
2 0 0 0 1 0 1 1 9 0 1 0
4 1 0 2 0 1 0 0 11 3 3 1
0 1 0 0 2 0 1 0 18 3 3 1
2 0 0 2 0 0 1 0 16 4 4 1
2 0 0 2 0 0 1 0 15 4 7 0.571429
3 0 0 1 0 2 0 0 13 3 5 0.6
3 0 0 1 0 2 0 0 15 1 2 0.5
2 0 0 0 1 0 1 1 13 1 2 0.5
1 1 2 0 0 1 0 0 2 1 1 1
2 1 0 0 0 3 0 0 13 1 1 1
1 0 0 0 0 1 0 2 5 1 1 1
1 0 0 0 1 0 1 1 11 1 4 0.25
1 0 0 0 0 2 0 1 18 8 11 0.727273
4 1 0 1 0 2 0 0 7 1 1 1
3 1 1 0 0 1 1 0 15 5 5 1
3 0 0 1 1 1 0 0 5 2 2 1
1 0 0 0 0 2 0 1 7 3 4 0.75
0 0 0 0 0 1 1 1 10 3 4 0.75
3 1 0 1 0 1 1 0 14 4 4 1
1 0 0 0 0 2 1 0 13 0 1 0
3 1 0 1 0 1 1 0 13 2 2 1
3 0 0 1 0 1 1 0 12 1 1 1
1 0 0 0 0 2 1 0 12 1 1 1
2 0 0 1 1 0 1 0 10 1 1 1
0 0 0 1 0 1 1 0 13 4 5 0.8
0 0 1 0 0 1 1 0 18 2 3 0.666667
4 1 0 0 2 1 0 0 12 1 1 1
4 1 0 1 1 1 0 0 11 3 3 1
0 1 1 1 0 0 0 1 1 1 1 1
2 0 0 0 0 3 0 0 18 1 2 0.5
3 0 2 0 0 1 0 0 4 3 3 1
3 1 0 1 0 0 0 2 5 2 2 1
1 0 2 0 0 0 0 1 1 1 1 1
3 0 2 0 0 0 1 0 8 4 4 1
3 1 0 1 0 1 0 1 6 2 2 1
0 0 1 0 0 1 0 1 1 1 3 0.333333
2 1 0 0 1 2 0 0 7 2 2 1
2 1 0 1 0 2 0 0 6 3 3 1
0 0 1 0 0 1 1 0 16 2 2 1
0 1 0 0 1 0 0 2 5 2 2 1
3 0 2 1 0 0 0 0 3 4 4 1
0 1 0 0 0 1 1 1 10 1 1 1
3 1 1 0 0 0 1 1 9 3 3 1
1 1 0 0 1 1 0 1 5 1 1 1
2 0 0 0 1 1 1 0 12 1 1 1
2 0 0 0 1 1 1 0 11 1 1 1
2 0 0 0 1 1 1 0 10 1 1 1
1 0 0 0 0 3 0 0 9 1 2 0.5
2 0 0 2 0 0 1 0 9 3 3 1
4 1 0 2 1 0 0 0 7 1 1 1
2 0 0 1 0 0 1 1 15 4 6 0.666667
0 0 0 2 0 0 1 0 5 7 11 0.636364
1 1 1 1 0 0 1 0 5 3 3 1
2 1 0 0 1 0 1 1 14 1 1 1
3 1 0 1 0 0 1 1 14 5 5 1
3 0 0 1 1 1 0 0 8 8 9 0.888889
0 1 0 0 2 1 0 0 4 2 2 1
2 0 0 0 1 2 0 0 17 6 8 0.75
2 0 0 0 1 2 0 0 16 6 9 0.666667
2 0 0 2 0 0 1 0 17 4 4 1
3 0 2 0 0 0 1 0 9 3 4 0.75
2 1 0 0 0 3 0 0 16 4 4 1
2 1 0 0 0 3 0 0 15 3 3 1
3 1 0 0 1 2 0 0 14 3 3 1
3 1 0 0 1 2 0 0 13 6 6 1
4 1 0 3 0 0 0 0 7 3 3 1
4 1 0 3 0 0 0 0 6 2 2 1
0 1 0 0 1 2 0 0 7 7 8 0.875
3 0 0 2 1 0 0 0 5 8 8 1
4 1 0 0 1 1 0 1 11 1 1 1
3 1 0 0 1 0 1 1 11 2 2 1
3 1 1 0 0 1 1 0 18 10 10 1
3 1 2 0 0 0 1 0 6 2 2 1
0 0 1 0 0 0 1 1 4 5 10 0.5
0 0 1 0 0 0 1 1 3 2 4 0.5
2 0 0 1 0 0 1 1 13 4 7 0.571429
2 0 0 1 0 0 1 1 12 7 8 0.875
1 0 0 1 0 0 2 0 15 1 1 1
0 0 1 0 0 2 0 0 2 0 1 0
2 1 1 0 1 0 0 1 4 7 7 1
3 1 0 0 0 2 0 1 18 9 9 1
1 0 0 0 2 0 1 0 14 1 2 0.5
4 1 0 2 0 0 0 1 7 2 2 1
0 1 1 0 0 0 1 1 8 5 6 0.833333
0 1 1 0 0 0 1 1 7 3 3 1
1 0 1 2 0 0 0 0 1 11 11 1
1 0 0 0 1 1 0 1 4 1 2 0.5
3 0 2 0 0 0 1 0 11 3 3 1
0 1 1 0 0 1 1 0 7 1 1 1
3 0 3 0 0 0 0 0 3 6 7 0.857143
3 1 0 0 1 1 0 1 7 1 1 1
3 1 0 1 0 0 0 2 6 5 5 1
1 0 0 1 1 0 1 0 13 10 11 0.909091
1 0 0 1 1 0 1 0 11 7 7 1
2 0 0 2 0 0 1 0 12 2 3 0.666667
1 0 1 0 1 1 0 0 2 1 2 0.5
0 0 0 1 0 1 1 0 11 4 5 0.8
3 0 0 0 0 0 0 3 12 4 6 0.666667
2 1 0 0 0 1 1 1 15 1 1 1
2 1 0 0 0 1 1 1 14 2 2 1
4 1 0 0 1 1 0 1 12 3 3 1
3 1 1 1 0 0 1 0 9 11 11 1
3 0 0 0 0 0 0 3 15 5 6 0.833333
0 1 0 1 0 0 1 1 14 4 4 1
2 1 2 0 0 1 0 0 3 1 1 1
1 1 0 0 1 2 0 0 7 6 6 1
4 1 1 1 0 0 0 1 6 4 4 1
1 1 0 0 2 0 1 0 13 4 4 1
1 1 1 0 1 0 0 1 3 1 1 1
1 0 0 0 0 2 0 1 17 6 9 0.666667
4 1 1 0 0 2 0 0 18 5 5 1
3 0 0 1 0 2 0 0 12 2 2 1
2 0 0 2 0 0 1 0 11 6 6 1
1 1 0 0 2 1 0 0 5 1 1 1
1 0 0 2 0 0 0 1 2 8 10 0.8
1 0 1 0 0 0 1 1 5 1 3 0.333333
2 0 0 1 1 0 1 0 14 3 3 1
1 0 0 1 1 0 1 0 9 8 9 0.888889
1 0 0 1 1 0 1 0 8 3 8 0.375
1 0 1 0 0 0 1 1 7 9 11 0.818182
2 0 1 0 1 0 0 1 3 5 6 0.833333
1 1 0 0 2 0 1 0 7 1 1 1
0 1 0 0 0 1 0 2 7 1 1 1
3 1 0 1 1 0 0 1 6 10 10 1
4 1 0 2 0 1 0 0 17 5 5 1
4 1 0 2 0 1 0 0 16 4 4 1
4 1 0 2 0 1 0 0 15 9 9 1
0 1 0 0 0 1 1 1 11 1 1 1
4 1 0 0 1 0 0 2 15 3 3 1
3 1 0 0 1 2 0 0 18 12 12 1
1 1 0 1 0 1 1 0 9 3 3 1
0 1 1 0 1 1 0 0 3 5 5 1
0 0 0 0 0 0 0 3 4 0 1 0
3 0 0 0 0 0 0 3 14 6 8 0.75
3 1 1 0 0 1 1 0 13 5 5 1
3 0 0 1 1 1 0 0 7 3 3 1
1 1 1 0 0 1 1 0 16 9 9 1
3 0 1 0 0 0 1 1 16 2 2 1
3 0 1 0 0 0 1 1 15 2 2 1
4 1 0 0 3 0 0 0 9 1 1 1
0 1 0 1 0 0 1 1 18 9 9 1
1 1 0 0 1 2 0 0 6 2 2 1
4 1 0 2 0 0 1 0 18 5 5 1
1 0 0 0 2 0 1 0 7 1 1 1
2 0 3 0 0 0 0 0 1 3 4 0.75
3 1 0 3 0 0 0 0 5 13 13 1
3 1 0 2 0 1 0 0 5 3 3 1
3 0 0 0 3 0 0 0 15 10 11 0.909091
3 0 0 1 0 2 0 0 9 3 4 0.75
3 0 0 0 2 1 0 0 18 22 26 0.846154
1 0 0 1 0 0 1 1 7 2 5 0.4
1 1 1 1 0 0 1 0 6 12 12 1
1 1 0 1 0 0 1 1 17 8 8 1
1 1 0 2 0 1 0 0 3 1 1 1
1 0 0 1 1 0 1 0 10 7 8 0.875
0 0 0 0 1 1 1 0 13 1 1 1
1 0 0 0 2 0 1 0 11 4 4 1
2 0 0 1 1 0 1 0 11 4 4 1
1 0 0 0 2 0 1 0 10 2 2 1
0 0 0 1 1 0 1 0 17 7 7 1
0 0 0 1 1 0 1 0 16 7 9 0.777778
2 1 0 1 0 1 0 1 6 9 9 1
3 1 0 1 0 1 0 1 7 9 9 1
1 0 1 0 0 1 1 0 18 1 1 1
1 0 1 0 0 1 1 0 17 1 3 0.333333
1 1 0 0 3 0 0 0 5 11 12 0.916667
1 0 1 0 0 1 1 0 14 7 8 0.875
0 0 1 0 0 1 1 0 8 20 26 0.769231
1 1 2 0 0 0 1 0 5 4 4 1
1 1 1 0 0 1 1 0 8 2 2 1
1 1 0 2 0 0 1 0 9 10 10 1
1 1 0 2 0 0 1 0 7 1 1 1
3 0 1 0 0 1 1 0 16 1 1 1
2 1 0 0 1 1 1 0 17 1 1 1
4 1 0 0 2 1 0 0 17 1 1 1
2 1 0 0 1 1 1 0 14 1 1 1
2 1 1 0 0 0 0 2 4 1 1 1
2 1 0 0 1 1 1 0 16 2 2 1
4 1 0 0 2 1 0 0 16 1 1 1
4 1 0 0 3 0 0 0 12 3 3 1
2 1 0 0 2 0 1 0 9 5 5 1
0 1 1 0 0 1 1 0 10 3 3 1
1 1 1 0 0 1 1 0 10 9 9 1
3 1 0 1 0 0 1 1 12 4 4 1
1 0 0 0 0 1 1 1 11 1 3 0.333333
3 1 0 1 0 0 1 1 11 3 3 1
2 0 0 1 1 0 1 0 18 7 8 0.875
2 0 0 1 1 0 1 0 17 3 4 0.75
2 0 1 0 1 0 1 0 16 4 4 1
1 0 0 1 0 1 0 1 2 0 1 0
1 1 2 0 0 0 1 0 4 3 3 1
3 0 0 0 3 0 0 0 13 9 9 1
3 1 0 2 0 1 0 0 7 23 23 1
3 1 1 0 1 1 0 0 5 1 1 1
4 1 0 1 2 0 0 0 11 5 5 1
1 1 0 0 2 0 1 0 9 2 2 1
4 1 0 1 2 0 0 0 10 2 2 1
1 1 0 0 2 0 1 0 8 1 1 1
4 1 1 1 0 1 0 0 10 31 31 1
4 1 0 0 0 1 0 2 12 1 1 1
4 1 1 1 0 1 0 0 9 19 19 1
4 1 1 1 1 0 0 0 6 4 4 1
4 1 1 1 1 0 0 0 5 1 1 1
3 0 2 0 0 0 0 1 4 11 11 1
0 1 1 1 0 0 0 1 2 5 5 1
3 1 0 1 0 0 1 1 16 2 2 1
1 0 0 0 0 1 1 1 14 1 2 0.5
1 0 0 0 0 1 1 1 12 1 1 1
0 1 1 0 0 1 1 0 18 8 8 1
0 1 1 0 0 1 1 0 17 4 4 1
0 1 1 0 0 1 1 0 16 6 6 1
0 1 1 0 0 1 1 0 15 7 7 1
2 0 0 0 1 2 0 0 15 10 12 0.833333
2 0 0 0 1 2 0 0 14 8 12 0.666667
1 0 0 1 0 2 0 0 5 8 9 0.888889
1 0 0 1 0 0 1 1 16 4 7 0.571429
1 1 0 1 0 1 1 0 16 3 3 1
4 1 2 0 0 0 1 0 16 3 3 1
1 1 0 1 0 1 1 0 15 1 1 1
4 1 2 0 0 0 1 0 15 2 2 1
0 0 1 0 0 1 1 0 9 26 30 0.866667
1 1 2 0 0 1 0 0 3 19 19 1
2 0 0 2 0 0 1 0 13 3 5 0.6
4 1 0 2 1 0 0 0 8 5 5 1
4 1 1 0 0 2 0 0 15 2 2 1
2 0 0 1 0 0 1 1 8 1 2 0.5
4 1 1 0 0 2 0 0 14 2 2 1
2 0 0 1 0 0 1 1 7 1 2 0.5
4 1 1 0 0 0 0 2 18 30 30 1
2 1 0 1 0 2 0 0 7 7 7 1
0 0 1 0 0 0 1 1 5 17 26 0.653846
1 1 0 1 0 0 1 1 18 15 16 0.9375
2 1 1 0 0 1 1 0 18 20 20 1
2 0 1 0 0 1 1 0 16 1 1 1
2 0 0 0 0 1 0 2 8 6 13 0.461538
0 0 0 0 0 1 1 1 11 2 4 0.5
3 0 0 2 0 0 1 0 13 3 3 1
4 1 1 0 0 1 0 1 12 7 7 1
0 0 0 0 1 0 1 1 10 8 14 0.571429
0 1 1 0 1 0 1 0 10 38 38 1
2 1 0 0 0 3 0 0 18 7 7 1
2 0 0 0 0 1 1 1 18 2 3 0.666667
4 1 0 0 1 1 0 1 18 7 7 1
4 1 0 0 1 1 0 1 17 6 6 1
0 1 0 0 0 2 0 1 8 5 5 1
4 1 1 0 1 1 0 0 16 20 20 1
2 0 1 0 0 1 1 0 15 2 4 0.5
4 1 1 0 1 1 0 0 15 20 20 1
0 1 0 0 0 3 0 0 10 2 2 1
3 0 0 2 0 0 0 1 6 12 12 1
4 1 0 1 1 1 0 0 10 5 5 1
1 0 0 0 0 2 0 1 11 15 20 0.75
3 0 0 1 1 0 1 0 16 0 1 0
3 0 0 1 1 0 1 0 15 2 2 1
3 0 0 1 1 0 1 0 14 2 3 0.666667
3 0 0 1 1 0 1 0 12 1 1 1
0 1 0 1 0 0 1 1 13 5 6 0.833333
0 1 0 1 0 0 1 1 12 8 8 1
3 1 1 0 1 0 0 1 5 16 16 1
4 1 0 2 0 1 0 0 14 5 5 1
1 0 0 1 0 1 1 0 13 1 1 1
4 1 0 1 1 0 1 0 14 2 2 1
3 1 0 2 0 0 1 0 11 4 4 1
3 1 0 0 1 1 0 1 9 17 17 1
1 0 1 0 0 1 1 0 12 6 9 0.666667
3 1 0 0 1 2 0 0 12 3 3 1
3 1 0 0 1 2 0 0 11 3 3 1
3 1 0 0 1 2 0 0 10 2 2 1
3 1 0 0 1 2 0 0 9 2 2 1
3 0 2 0 0 1 0 0 5 15 15 1
3 0 0 1 0 2 0 0 18 6 7 0.857143
1 1 0 0 1 1 1 0 9 1 1 1
3 1 0 1 0 2 0 0 18 66 66 1
3 1 0 1 0 0 0 2 7 7 7 1
1 1 1 1 0 0 0 1 2 2 2 1
1 1 0 0 1 1 1 0 12 4 4 1
4 1 0 1 1 1 0 0 12 4 4 1
4 1 0 0 1 0 0 2 11 2 2 1
1 1 0 1 1 0 1 0 8 4 4 1
2 1 0 0 0 2 0 1 10 5 5 1
2 0 1 0 0 0 1 1 16 5 9 0.555556
0 1 0 0 1 0 0 2 7 27 28 0.964286
4 1 0 1 0 2 0 0 11 1 1 1
1 0 0 0 0 3 0 0 14 0 1 0
0 1 0 0 1 0 1 1 16 2 2 1
2 0 0 1 0 0 1 1 16 0 2 0
3 1 1 0 1 1 0 0 6 27 27 1
2 0 0 0 2 0 1 0 15 2 2 1
3 0 1 0 1 1 0 0 6 8 8 1
1 1 0 0 0 2 0 1 12 16 16 1
3 0 0 0 1 1 0 1 18 26 37 0.702703
1 0 2 0 1 0 0 0 1 4 4 1
2 0 0 1 0 0 1 1 10 0 2 0
1 0 0 0 1 0 1 1 9 2 2 1
4 1 1 0 0 0 0 2 9 7 7 1
4 1 0 1 1 1 0 0 13 5 5 1
3 1 0 0 2 0 1 0 18 4 4 1
2 1 0 1 0 0 1 1 13 8 8 1
3 0 1 0 0 0 1 1 17 2 2 1
1 1 1 0 0 1 1 0 15 11 11 1
3 0 0 2 1 0 0 0 4 3 3 1
1 0 0 0 0 3 0 0 18 2 2 1
3 1 0 0 0 2 0 1 17 4 4 1
4 1 0 0 3 0 0 0 15 1 1 1
1 1 1 0 0 0 1 1 8 6 6 1
1 0 1 1 0 0 1 0 17 23 25 0.92
4 1 0 1 1 0 0 1 11 12 12 1
0 1 0 0 2 1 0 0 5 7 7 1
3 1 0 0 3 0 0 0 7 8 8 1
1 1 0 0 1 2 0 0 8 11 12 0.916667
1 1 0 1 0 2 0 0 8 26 26 1
3 1 0 0 2 1 0 0 14 39 39 1
0 1 2 0 0 0 1 0 16 35 35 1
0 0 0 0 1 1 0 1 3 3 7 0.428571
1 1 0 0 2 0 1 0 12 3 3 1
0 0 0 0 0 3 0 0 16 1 1 1
2 1 0 2 0 0 1 0 14 12 12 1
3 0 0 1 0 2 0 0 11 3 3 1
2 0 0 2 0 0 1 0 10 3 4 0.75
1 1 0 1 1 0 1 0 9 7 7 1
2 1 1 0 0 1 1 0 9 2 2 1
2 1 1 0 1 0 1 0 7 8 8 1
1 1 0 0 0 3 0 0 8 1 1 1
1 0 0 0 0 2 0 1 9 7 10 0.7
0 0 0 0 0 3 0 0 18 1 1 1
2 1 0 2 0 0 1 0 12 9 9 1
2 1 0 2 0 0 1 0 11 11 11 1
1 1 0 1 1 0 1 0 10 13 13 1
1 1 0 0 0 2 0 1 10 17 17 1
1 1 3 0 0 0 0 0 1 5 5 1
1 0 0 2 0 0 1 0 15 7 10 0.7
0 0 0 0 2 0 1 0 16 3 6 0.5
4 1 2 0 1 0 0 0 6 8 8 1
0 1 1 0 0 2 0 0 6 16 16 1
3 0 0 0 1 2 0 0 14 1 1 1
2 1 0 0 0 3 0 0 14 3 3 1
1 1 0 0 1 0 1 1 15 6 6 1
1 0 0 1 0 0 1 1 18 3 6 0.5
3 1 0 1 0 0 1 1 13 4 4 1
3 1 0 1 1 0 1 0 17 6 6 1
3 0 0 1 1 1 0 0 11 17 18 0.944444
3 0 0 1 1 1 0 0 10 12 12 1
0 1 0 3 0 0 0 0 2 2 2 1
2 1 0 0 0 0 0 3 10 19 19 1
0 0 0 1 0 1 0 1 2 0 3 0
2 0 0 0 0 2 0 1 10 7 8 0.875
1 0 0 0 1 0 1 1 8 1 1 1
2 0 0 1 0 0 1 1 9 3 4 0.75
0 1 2 0 0 0 1 0 15 48 48 1
0 1 2 0 0 0 1 0 14 66 66 1
1 1 0 0 2 0 1 0 16 3 3 1
1 0 0 1 1 0 1 0 14 12 16 0.75
1 0 0 2 1 0 0 0 2 11 12 0.916667
1 1 0 0 1 2 0 0 12 25 25 1
2 0 0 0 0 3 0 0 13 1 1 1
2 0 0 0 0 3 0 0 12 1 1 1
0 1 0 2 0 0 1 0 8 3 3 1
1 0 1 0 0 1 1 0 10 9 14 0.642857
0 1 0 1 0 1 1 0 9 2 2 1
0 1 0 1 0 1 1 0 8 1 1 1
0 1 0 0 1 0 0 2 6 10 10 1
2 1 0 0 2 0 1 0 15 4 4 1
2 1 0 2 0 0 1 0 17 14 14 1
1 1 0 1 0 2 0 0 9 39 39 1
0 1 1 0 0 0 0 2 4 5 5 1
1 0 0 1 0 2 0 0 6 17 21 0.809524
4 1 1 0 0 1 0 1 8 2 2 1
0 0 0 0 0 1 1 1 4 1 1 1
4 1 1 0 1 0 0 1 7 4 4 1
0 1 1 0 0 1 1 0 8 5 5 1
3 0 1 0 0 0 1 1 18 5 6 0.833333
2 0 0 0 2 0 0 1 6 36 44 0.818182
4 1 0 1 0 0 0 2 12 2 2 1
2 1 0 1 1 0 1 0 10 10 10 1
1 0 0 0 2 0 1 0 12 4 6 0.666667
4 1 0 1 2 0 0 0 12 8 8 1
2 0 0 0 1 2 0 0 18 14 22 0.636364
3 1 0 0 1 2 0 0 17 11 11 1
2 1 0 1 0 2 0 0 8 15 15 1
1 0 0 2 0 0 1 0 8 7 8 0.875
0 1 2 0 0 1 0 0 2 6 6 1
0 1 0 1 0 1 0 1 4 3 3 1
0 1 2 0 0 1 0 0 1 1 1 1
0 1 1 0 0 1 1 0 14 7 7 1
3 0 0 1 0 1 0 1 17 16 22 0.727273
0 1 0 2 0 0 1 0 11 8 8 1
2 0 2 0 0 0 1 0 18 7 12 0.583333
2 0 2 0 0 0 1 0 16 16 17 0.941176
2 0 2 0 0 0 1 0 15 24 25 0.96
1 0 1 0 0 2 0 0 5 21 28 0.75
2 1 0 2 0 1 0 0 5 10 10 1
3 0 0 1 0 1 0 1 12 22 32 0.6875
3 0 0 1 0 0 1 1 12 1 1 1
1 1 0 2 0 0 1 0 18 56 56 1
1 0 0 2 0 0 1 0 17 5 5 1
4 1 0 3 0 0 0 0 15 14 14 1
2 1 0 1 0 1 1 0 17 6 6 1
4 1 0 1 2 0 0 0 14 9 9 1
4 1 0 1 2 0 0 0 13 10 10 1
2 0 0 1 1 0 1 0 13 2 3 0.666667
3 1 0 0 1 1 0 1 10 23 23 1
3 1 0 0 0 1 0 2 17 10 10 1
3 1 0 0 0 1 0 2 16 12 12 1
3 1 1 0 2 0 0 0 5 16 16 1
0 1 0 1 0 1 0 1 6 14 14 1
2 0 0 0 2 0 0 1 5 11 18 0.611111
2 1 0 0 2 0 0 1 6 13 13 1
2 1 0 0 2 0 1 0 14 6 6 1
1 0 0 0 2 0 0 1 3 3 4 0.75
3 0 0 1 0 1 0 1 16 15 20 0.75
3 1 1 0 1 0 1 0 14 22 22 1
4 1 0 3 0 0 0 0 14 18 18 1
4 1 0 3 0 0 0 0 13 15 15 1
2 1 0 1 0 0 0 2 6 13 13 1
2 0 1 0 1 0 1 0 6 4 4 1
0 1 1 0 2 0 0 0 3 13 13 1
2 0 1 0 0 1 0 1 3 1 1 1
1 0 0 0 0 0 0 3 18 10 13 0.769231
0 0 0 0 0 1 1 1 16 0 1 0
4 1 1 0 1 0 1 0 18 3 3 1
4 1 1 0 1 1 0 0 17 18 18 1
2 0 1 0 1 0 1 0 15 4 11 0.363636
3 1 2 0 0 0 1 0 10 38 38 1
0 0 1 0 0 1 1 0 4 2 2 1
4 1 0 1 0 2 0 0 8 1 1 1
3 1 1 0 0 1 1 0 16 3 3 1
3 1 2 0 0 0 1 0 8 15 15 1
3 0 2 0 0 1 0 0 6 65 66 0.984848
4 1 0 0 2 0 0 1 16 6 6 1
0 1 1 0 1 1 0 0 4 18 18 1
3 0 1 2 0 0 0 0 4 23 25 0.92
1 1 0 1 0 0 1 1 12 12 12 1
3 0 0 2 0 1 0 0 9 11 12 0.916667
3 0 0 0 1 0 0 2 14 26 35 0.742857
3 0 1 0 0 1 0 1 7 10 10 1
1 1 0 0 1 2 0 0 9 20 20 1
1 0 0 1 0 0 1 1 15 6 8 0.75
1 0 0 1 0 0 1 1 13 6 11 0.545455
3 1 0 0 0 0 0 3 10 6 6 1
4 1 0 2 1 0 0 0 15 29 29 1
2 0 2 0 0 0 1 0 17 11 14 0.785714
0 0 0 0 1 1 1 0 11 1 2 0.5
2 0 1 0 1 0 1 0 8 14 16 0.875
2 0 1 0 1 0 1 0 9 21 22 0.954545
3 0 1 1 1 0 0 0 4 8 9 0.888889
3 1 0 0 2 1 0 0 17 45 45 1
0 0 0 1 0 0 1 1 6 4 7 0.571429
1 0 0 0 0 3 0 0 12 2 2 1
3 0 0 0 3 0 0 0 14 9 10 0.9
3 1 0 2 0 1 0 0 8 44 44 1
2 1 0 1 0 1 1 0 18 16 16 1
0 1 0 1 0 1 1 0 18 6 6 1
0 1 0 1 0 1 1 0 17 1 1 1
3 1 1 0 0 0 0 2 6 11 11 1
1 0 1 0 0 2 0 0 4 4 6 0.666667
3 1 0 0 1 2 0 0 16 13 13 1
1 0 0 0 0 2 0 1 8 7 10 0.7
2 1 0 0 1 1 1 0 15 1 1 1
2 1 1 0 0 0 0 2 5 17 17 1
2 1 2 0 0 0 0 1 3 25 25 1
3 0 0 1 0 1 0 1 13 23 26 0.884615
1 0 0 0 0 2 0 1 15 9 12 0.75
3 1 0 0 1 0 1 1 17 1 1 1
2 1 1 0 0 1 1 0 15 6 6 1
3 1 0 0 2 1 0 0 15 38 38 1
2 1 0 0 1 0 1 1 17 3 3 1
1 1 0 1 2 0 0 0 4 14 14 1
2 0 0 0 0 2 0 1 11 7 10 0.7
1 1 0 1 0 0 1 1 9 4 4 1
1 1 0 1 0 0 1 1 8 3 3 1
4 1 0 2 0 0 0 1 9 8 8 1
1 1 1 1 0 0 0 1 3 31 31 1
1 0 0 1 1 0 1 0 15 12 12 1
1 0 0 2 0 0 1 0 14 6 7 0.857143
2 0 1 0 1 0 1 0 14 10 12 0.833333
1 1 0 2 0 0 1 0 15 21 22 0.954545
2 1 1 0 0 0 1 1 8 7 7 1
4 1 1 0 1 0 0 1 8 10 10 1
3 0 0 3 0 0 0 0 11 75 77 0.974026
3 0 0 1 1 1 0 0 12 25 26 0.961538
0 0 1 0 0 1 0 1 2 22 46 0.478261
1 0 0 1 1 0 0 1 2 1 1 1
1 0 0 0 1 2 0 0 18 15 24 0.625
0 0 0 0 0 3 0 0 6 2 3 0.666667
1 0 0 1 1 0 0 1 3 13 22 0.590909
1 0 0 0 1 2 0 0 17 11 15 0.733333
3 0 0 0 0 2 0 1 18 2 2 1
3 1 0 0 0 2 0 1 16 5 5 1
3 0 0 0 0 2 0 1 17 2 2 1
3 0 0 0 0 2 0 1 16 3 3 1
3 0 0 0 0 2 0 1 15 2 2 1
3 1 0 0 0 2 0 1 13 7 7 1
3 0 0 0 0 2 0 1 14 1 1 1
0 1 0 0 1 0 1 1 15 1 1 1
3 1 0 0 0 2 0 1 12 6 6 1
3 0 0 0 0 2 0 1 13 1 1 1
3 0 0 0 0 2 0 1 12 1 1 1
0 1 1 0 0 0 1 1 9 14 14 1
4 1 0 1 0 2 0 0 13 1 1 1
0 1 0 0 1 0 1 1 18 3 3 1
1 0 0 0 0 3 0 0 16 0 1 0
1 1 0 0 0 3 0 0 13 2 2 1
3 0 0 1 1 0 0 1 6 6 6 1
3 1 1 0 1 0 1 0 12 14 14 1
0 1 0 2 0 1 0 0 4 5 5 1
1 1 0 0 1 0 1 1 16 7 7 1
1 1 1 0 0 1 0 1 5 24 24 1
1 0 0 2 0 0 1 0 16 7 9 0.777778
0 0 0 0 2 0 1 0 15 8 9 0.888889
1 0 0 2 0 0 1 0 13 7 7 1
0 0 0 0 2 0 1 0 14 7 7 1
2 0 0 1 0 1 1 0 13 0 1 0
3 0 0 1 0 1 0 1 9 8 10 0.8
3 1 0 1 0 1 0 1 9 42 42 1
3 0 1 0 0 0 1 1 10 1 1 1
2 0 0 1 0 1 1 0 10 1 2 0.5
3 0 0 1 0 1 0 1 8 5 6 0.833333
3 1 0 1 0 1 0 1 8 15 15 1
3 1 0 2 1 0 0 0 5 7 7 1
0 1 1 0 0 0 1 1 10 9 9 1
1 0 1 0 1 0 1 0 6 11 13 0.846154
4 1 1 1 1 0 0 0 8 41 41 1
4 1 1 1 1 0 0 0 7 21 21 1
0 0 0 1 1 0 1 0 3 2 2 1
3 0 1 0 1 0 1 0 9 1 1 1
0 1 0 3 0 0 0 0 3 28 28 1
2 1 0 0 0 0 0 3 11 37 37 1
1 1 0 1 0 0 1 1 13 13 13 1
2 1 1 0 0 1 1 0 14 10 10 1
2 1 1 0 0 1 1 0 13 4 4 1
2 1 1 0 0 1 1 0 12 7 7 1
2 1 1 0 0 1 1 0 11 11 11 1
1 0 2 0 0 0 1 0 3 2 3 0.666667
0 1 1 0 1 0 1 0 11 44 44 1
2 1 0 1 0 0 0 2 5 1 1 1
3 0 0 0 0 1 0 2 9 1 2 0.5
3 0 0 0 0 1 0 2 8 1 1 1
3 1 0 0 0 1 0 2 8 3 3 1
3 1 0 2 0 1 0 0 6 13 13 1
3 0 0 0 3 0 0 0 16 12 13 0.923077
2 0 2 0 0 1 0 0 3 20 21 0.952381
3 0 0 2 0 0 1 0 14 1 1 1
4 1 1 0 0 1 0 1 13 12 12 1
0 1 1 1 0 1 0 0 3 12 12 1
4 1 0 2 0 1 0 0 13 7 7 1
1 0 0 1 1 0 1 0 12 12 19 0.631579
0 0 1 0 1 0 1 0 3 6 9 0.666667
0 0 1 0 1 0 1 0 2 1 2 0.5
2 1 0 2 0 0 1 0 13 13 13 1
2 1 1 0 0 1 0 1 4 1 1 1
4 1 0 1 1 1 0 0 15 8 8 1
0 0 0 0 0 2 0 1 6 10 14 0.714286
4 1 0 2 1 0 0 0 13 22 22 1
1 1 1 0 0 0 0 2 3 1 1 1
2 0 0 0 0 2 0 1 18 7 10 0.7
0 0 0 2 0 0 1 0 15 18 21 0.857143
0 1 0 1 1 1 0 0 5 21 21 1
0 0 0 1 0 1 1 0 12 6 6 1
1 0 1 0 1 1 0 0 3 28 32 0.875
3 1 1 0 0 1 1 0 11 3 3 1
3 0 0 1 1 1 0 0 9 11 12 0.916667
0 0 1 0 1 0 1 0 4 10 13 0.769231
3 1 1 0 1 0 1 0 18 49 49 1
1 0 1 0 0 0 1 1 10 27 39 0.692308
2 1 0 1 1 0 1 0 18 61 62 0.983871
0 1 0 1 1 0 1 0 16 9 9 1
1 1 1 0 0 0 1 1 10 25 25 1
2 0 1 2 0 0 0 0 2 1 1 1
3 0 0 0 1 1 0 1 13 10 13 0.769231
2 1 0 0 0 2 0 1 13 20 20 1
1 1 0 0 0 2 0 1 5 1 1 1
3 0 0 0 1 1 0 1 12 7 9 0.777778
0 0 1 0 1 0 1 0 18 13 21 0.619048
1 1 0 0 0 1 0 2 10 35 36 0.972222
0 0 0 0 0 0 0 3 6 9 20 0.45
0 1 0 1 0 1 0 1 7 52 52 1
2 1 0 2 0 0 1 0 10 6 6 1
1 1 0 0 0 3 0 0 15 1 1 1
1 0 0 0 1 2 0 0 8 13 16 0.8125
2 0 0 1 0 2 0 0 9 14 16 0.875
0 1 1 2 0 0 0 0 1 5 5 1
0 0 0 0 0 3 0 0 9 3 5 0.6
1 0 0 0 1 2 0 0 12 21 26 0.807692
3 0 0 1 1 1 0 0 13 19 22 0.863636
2 0 0 0 2 1 0 0 18 68 84 0.809524
1 1 1 0 0 2 0 0 6 20 20 1
1 1 1 0 0 2 0 0 5 8 8 1
0 0 0 0 1 0 0 2 3 3 8 0.375
3 1 0 0 0 1 0 2 18 23 23 1
3 0 0 1 0 1 0 1 7 2 2 1
3 1 0 0 3 0 0 0 10 53 53 1
2 0 0 0 0 0 0 3 16 11 26 0.423077
0 0 0 1 0 0 1 1 11 21 30 0.7
1 1 1 0 0 0 1 1 9 14 14 1
2 1 1 0 0 2 0 0 7 27 27 1
3 1 0 1 1 0 1 0 10 3 3 1
4 1 0 1 1 1 0 0 9 2 2 1
2 1 0 1 0 1 1 0 8 1 1 1
0 1 1 0 0 0 0 2 3 2 2 1
3 1 0 1 1 0 1 0 9 2 2 1
1 1 0 2 0 1 0 0 4 4 4 1
2 0 0 2 0 0 0 1 4 20 24 0.833333
0 1 0 1 1 0 0 1 4 17 17 1
1 1 0 2 0 1 0 0 6 79 79 1
0 0 0 1 0 1 0 1 18 143 223 0.641256
4 1 1 0 0 2 0 0 17 1 1 1
0 0 2 0 0 0 1 0 18 16 23 0.695652
4 1 1 0 1 1 0 0 18 52 52 1
2 0 0 0 0 1 0 2 16 16 24 0.666667
2 0 0 0 0 1 0 2 15 21 42 0.5
0 1 0 0 0 0 0 3 15 17 17 1
1 1 1 0 0 1 1 0 7 2 2 1
1 1 0 2 0 0 1 0 8 8 8 1
2 1 0 0 0 1 1 1 18 1 1 1
4 1 2 1 0 0 0 0 5 4 4 1
1 0 0 0 1 0 0 2 5 13 17 0.764706
2 1 0 0 0 0 0 3 16 22 22 1
4 1 2 0 0 1 0 0 11 43 43 1
4 1 2 0 0 1 0 0 10 37 37 1
3 0 0 1 1 1 0 0 6 2 2 1
3 1 1 0 0 1 1 0 12 5 5 1
2 1 0 0 2 0 1 0 10 6 6 1
2 1 0 0 2 0 1 0 11 7 7 1
4 1 0 0 3 0 0 0 10 5 5 1
1 0 2 0 0 1 0 0 2 54 62 0.870968
1 1 0 0 2 0 1 0 15 5 5 1
1 0 0 0 0 1 0 2 14 48 83 0.578313
1 1 0 0 2 0 1 0 14 7 7 1
2 0 0 1 1 0 1 0 15 2 3 0.666667
0 1 0 1 0 1 0 1 5 9 9 1
2 0 0 1 0 2 0 0 7 5 6 0.833333
3 0 1 0 0 1 0 1 8 29 30 0.966667
4 1 0 1 1 0 1 0 15 2 2 1
4 1 1 1 0 0 0 1 7 11 11 1
3 0 0 1 1 0 0 1 8 33 40 0.825
0 1 1 0 0 1 0 1 4 8 8 1
2 1 0 3 0 0 0 0 4 30 30 1
3 0 2 0 0 1 0 0 7 109 113 0.964602
4 1 0 1 0 0 0 2 11 1 1 1
0 1 0 0 0 0 0 3 17 10 10 1
3 1 0 2 0 0 1 0 16 2 2 1
3 0 0 2 1 0 0 0 14 91 103 0.883495
4 1 2 0 0 1 0 0 18 102 102 1
3 0 2 0 0 0 1 0 17 8 8 1
4 1 2 0 0 1 0 0 17 50 50 1
2 1 0 1 1 0 1 0 8 1 1 1
3 0 2 0 0 0 1 0 14 8 8 1
3 1 2 0 0 0 1 0 11 41 41 1
4 1 0 2 0 1 0 0 18 26 26 1
1 1 1 0 0 0 1 1 11 40 40 1
1 0 0 0 0 0 1 2 15 0 1 0
1 0 0 0 0 0 1 2 14 2 2 1
4 1 0 1 0 0 0 2 13 8 8 1
1 0 0 1 0 0 0 2 4 10 18 0.555556
3 1 0 0 2 1 0 0 13 46 46 1
3 1 1 0 0 1 1 0 7 1 1 1
2 0 0 0 1 2 0 0 10 14 17 0.823529
2 0 0 0 1 2 0 0 9 14 15 0.933333
2 0 0 0 1 2 0 0 8 8 9 0.888889
0 0 0 0 2 0 1 0 6 1 1 1
2 0 0 1 1 1 0 0 6 51 53 0.962264
0 0 0 0 2 0 1 0 7 4 6 0.666667
2 0 0 1 1 1 0 0 5 18 20 0.9
1 0 0 0 1 0 0 2 4 3 5 0.6
1 0 0 1 1 1 0 0 5 90 103 0.873786
0 0 0 0 0 1 0 2 4 1 4 0.25
2 0 0 0 1 1 0 1 17 43 66 0.651515
4 1 0 0 2 0 0 1 11 2 2 1
0 0 0 1 1 0 0 1 1 6 9 0.666667
0 0 0 0 0 0 0 3 5 0 6 0
1 1 0 0 0 3 0 0 11 1 1 1
3 1 0 0 2 0 0 1 8 34 34 1
1 0 0 0 1 2 0 0 7 11 14 0.785714
3 1 0 0 2 0 0 1 7 11 11 1
2 0 0 0 1 1 0 1 6 6 9 0.666667
3 0 1 0 0 1 0 1 9 41 46 0.891304
1 1 1 1 0 0 1 0 11 111 111 1
0 0 0 2 0 0 1 0 9 46 53 0.867925
2 1 0 1 0 1 0 1 5 4 4 1
1 1 0 0 1 0 1 1 9 5 5 1
0 0 0 0 1 2 0 0 16 38 44 0.863636
3 1 0 0 0 1 0 2 11 9 9 1
3 1 0 0 0 1 0 2 10 9 9 1
3 1 0 0 0 1 0 2 9 5 5 1
3 0 0 1 0 0 1 1 17 1 1 1
2 1 0 2 0 0 1 0 7 2 2 1
2 1 0 2 0 0 0 1 5 37 37 1
3 0 1 0 0 0 0 2 7 21 27 0.777778
3 0 0 2 0 0 0 1 5 3 3 1
0 1 1 1 0 0 1 0 17 43 43 1
1 1 0 0 1 1 0 1 6 9 9 1
2 1 0 1 0 1 0 1 8 86 86 1
0 1 0 1 0 2 0 0 14 52 52 1
0 1 0 1 0 2 0 0 13 51 51 1
0 1 0 1 0 2 0 0 10 56 56 1
2 1 0 1 0 2 0 0 17 65 65 1
4 1 2 0 0 0 0 1 6 8 8 1
2 1 0 1 0 2 0 0 15 68 68 1
1 1 0 0 0 3 0 0 14 1 1 1
1 0 0 0 1 2 0 0 9 14 21 0.666667
0 0 0 0 0 1 0 2 2 0 1 0
2 0 0 0 1 1 0 1 15 61 84 0.72619
0 0 0 0 0 1 0 2 5 5 16 0.3125
2 0 0 0 1 1 0 1 14 73 106 0.688679
2 1 0 3 0 0 0 0 5 130 130 1
0 1 1 0 0 1 0 1 5 24 25 0.96
0 1 0 0 0 1 0 2 11 23 23 1
3 0 0 1 0 1 0 1 10 20 20 1
3 0 0 0 1 1 1 0 10 1 1 1
0 1 0 0 1 2 0 0 8 9 9 1
0 1 0 1 0 2 0 0 7 14 14 1
1 1 0 0 0 2 0 1 14 18 18 1
4 1 0 1 0 1 0 1 15 8 8 1
1 1 2 0 1 0 0 0 2 17 17 1
0 0 0 0 1 0 1 1 13 7 9 0.777778
3 1 0 0 3 0 0 0 6 1 1 1
0 1 0 0 2 1 0 0 6 9 9 1
2 0 1 0 1 0 1 0 12 16 18 0.888889
2 0 1 0 1 0 1 0 11 15 17 0.882353
4 1 3 0 0 0 0 0 5 26 26 1
2 0 0 3 0 0 0 0 3 17 18 0.944444
0 1 1 1 0 0 0 1 3 61 61 1
3 1 0 0 2 1 0 0 16 42 42 1
1 0 0 1 0 0 0 2 5 57 97 0.587629
0 1 2 0 0 0 1 0 13 80 80 1
1 0 0 1 0 2 0 0 12 54 65 0.830769
3 1 2 0 0 1 0 0 5 35 35 1
3 1 0 0 1 2 0 0 15 11 11 1
1 1 1 1 0 0 1 0 10 97 97 1
1 1 0 0 0 2 0 1 13 22 22 1
1 0 1 0 0 0 1 1 17 14 19 0.736842
2 0 3 0 0 0 0 0 2 127 144 0.881944
2 1 2 0 0 0 1 0 18 186 186 1
0 1 2 0 1 0 0 0 2 76 76 1
0 1 2 1 0 0 0 0 1 82 82 1
0 0 0 0 0 1 0 2 17 11 23 0.478261
1 1 0 0 2 0 0 1 5 10 10 1
1 0 2 0 0 0 1 0 17 21 25 0.84
0 1 0 1 1 0 1 0 14 15 15 1
1 1 1 0 2 0 0 0 4 72 73 0.986301
0 1 0 0 0 0 0 3 7 1 1 1
0 0 0 0 3 0 0 0 3 43 56 0.767857
0 1 1 0 1 0 1 0 13 33 33 1
0 0 0 2 0 0 1 0 7 34 45 0.755556
0 0 0 2 0 0 1 0 6 25 34 0.735294
0 1 0 1 0 0 1 1 15 6 6 1
1 0 0 1 0 1 0 1 4 5 12 0.416667
1 1 2 0 0 0 1 0 6 13 13 1
3 0 1 0 0 2 0 0 14 4 5 0.8
2 1 0 0 1 0 1 1 18 9 9 1
1 1 1 1 0 0 1 0 9 86 87 0.988506
0 0 0 0 1 0 0 2 4 22 46 0.478261
0 1 1 0 0 0 1 1 18 20 20 1
2 0 1 0 0 0 1 1 11 11 18 0.611111
2 0 1 0 0 2 0 0 8 51 62 0.822581
3 0 0 0 0 1 0 2 13 5 5 1
3 1 0 1 0 1 0 1 10 90 90 1
2 0 2 0 0 0 1 0 14 32 37 0.864865
2 0 2 0 0 0 1 0 13 38 44 0.863636
2 0 2 0 0 0 1 0 12 38 41 0.926829
3 1 1 0 0 2 0 0 11 42 42 1
1 1 1 0 0 0 0 2 4 8 8 1
0 0 0 2 0 0 1 0 16 9 13 0.692308
3 1 1 0 0 2 0 0 10 36 36 1
0 0 0 0 1 0 1 1 17 1 3 0.333333
3 0 0 2 0 1 0 0 8 7 8 0.875
3 0 0 0 1 0 0 2 13 29 37 0.783784
3 1 0 0 0 0 1 2 12 1 1 1
4 1 0 1 1 1 0 0 14 7 7 1
4 1 0 2 1 0 0 0 10 8 8 1
0 0 0 0 0 2 0 1 7 10 23 0.434783
2 0 0 0 2 0 0 1 3 1 1 1
1 0 0 1 0 0 2 0 17 1 1 1
1 1 0 0 0 1 0 2 7 3 3 1
0 0 1 0 0 2 0 0 4 56 75 0.746667
1 0 0 1 0 0 2 0 18 1 1 1
0 0 1 0 0 2 0 0 3 12 19 0.631579
2 1 0 1 0 0 1 1 11 5 5 1
2 0 0 0 1 0 0 2 17 66 117 0.564103
3 1 1 0 0 1 1 0 8 2 2 1
2 0 0 0 1 2 0 0 13 13 16 0.8125
3 0 2 0 0 1 0 0 16 156 175 0.891429
1 0 1 1 0 0 1 0 6 31 35 0.885714
1 1 0 1 1 1 0 0 5 15 15 1
2 1 1 1 0 0 0 1 3 2 2 1
2 1 1 0 1 0 1 0 12 52 52 1
1 0 1 0 1 0 0 1 2 7 12 0.583333
0 1 0 2 0 0 1 0 10 8 8 1
0 0 0 2 0 0 0 1 1 22 35 0.628571
1 0 0 1 1 1 0 0 4 23 29 0.793103
2 0 0 1 0 2 0 0 18 25 36 0.694444
1 1 1 0 0 1 1 0 14 13 13 1
3 1 0 1 1 1 0 0 17 190 190 1
1 0 0 2 0 0 1 0 7 6 6 1
0 1 2 0 0 1 0 0 3 50 50 1
3 0 0 0 2 0 0 1 12 20 24 0.833333
0 1 0 0 1 1 0 1 17 101 101 1
0 1 0 0 1 1 0 1 16 124 124 1
0 0 1 1 0 0 1 0 18 20 29 0.689655
0 0 1 0 0 1 1 0 5 3 5 0.6
3 1 1 0 1 0 1 0 17 16 16 1
3 1 1 0 1 0 1 0 16 16 16 1
3 1 1 0 1 0 1 0 15 15 15 1
0 1 0 1 0 0 1 1 11 8 8 1
4 1 0 1 0 0 0 2 8 1 1 1
0 0 1 0 0 0 1 1 10 81 121 0.669421
1 1 2 0 0 0 1 0 17 81 81 1
1 1 2 0 0 0 1 0 16 84 84 1
2 0 1 0 0 0 1 1 12 10 16 0.625
2 0 2 0 0 0 1 0 11 54 58 0.931034
2 0 2 0 0 0 1 0 10 54 57 0.947368
2 1 1 0 1 0 1 0 18 80 81 0.987654
2 1 1 0 1 0 1 0 15 45 45 1
2 1 1 0 0 1 0 1 5 14 14 1
4 1 0 1 1 1 0 0 16 7 7 1
4 1 0 2 1 0 0 0 12 23 23 1
0 0 0 0 0 2 0 1 5 3 9 0.333333
3 1 2 0 0 0 1 0 18 85 85 1
4 1 0 1 1 1 0 0 17 9 9 1
3 1 2 0 0 0 1 0 17 34 34 1
4 1 0 2 1 0 0 0 14 22 22 1
4 1 0 1 1 1 0 0 18 28 28 1
3 1 2 0 0 0 1 0 16 44 44 1
4 1 2 0 0 1 0 0 14 66 66 1
4 1 0 2 1 0 0 0 17 31 31 1
3 1 2 0 0 0 1 0 15 50 50 1
4 1 2 0 0 1 0 0 13 67 67 1
4 1 0 2 1 0 0 0 16 35 35 1
0 0 0 0 0 2 0 1 9 29 47 0.617021
3 1 2 0 0 0 1 0 14 48 48 1
4 1 2 0 0 1 0 0 12 55 55 1
1 1 0 0 1 2 0 0 16 39 39 1
0 0 0 0 2 1 0 0 4 29 37 0.783784
3 0 0 1 1 0 0 1 9 59 72 0.819444
3 1 0 1 1 1 0 0 14 173 173 1
3 0 0 1 2 0 0 0 6 4 4 1
2 1 0 1 1 1 0 0 4 2 2 1
3 1 0 0 1 0 0 2 8 14 14 1
2 0 0 0 2 1 0 0 8 42 45 0.933333
2 1 3 0 0 0 0 0 2 5 5 1
2 0 0 1 2 0 0 0 5 69 74 0.932432
1 0 0 0 0 0 0 3 7 16 26 0.615385
0 0 0 2 0 1 0 0 2 27 38 0.710526
4 1 0 1 1 0 1 0 9 1 1 1
3 0 0 1 0 1 0 1 18 40 54 0.740741
1 0 1 0 0 0 1 1 6 5 9 0.555556
1 0 0 0 3 0 0 0 3 2 2 1
1 1 0 2 0 0 1 0 17 23 23 1
2 1 0 0 1 0 0 2 7 12 12 1
1 1 0 2 0 0 1 0 16 14 14 1
2 1 0 0 1 0 0 2 6 7 7 1
0 0 0 0 0 3 0 0 15 4 4 1
0 0 0 0 0 3 0 0 14 3 3 1
3 0 0 1 1 0 0 1 15 144 189 0.761905
3 1 1 0 0 0 1 1 15 14 14 1
3 1 1 0 0 0 1 1 12 13 13 1
4 1 0 1 0 1 0 1 16 10 10 1
4 1 1 0 1 0 0 1 17 67 67 1
1 1 0 0 1 2 0 0 5 2 2 1
2 0 0 1 0 2 0 0 6 6 6 1
0 0 0 2 0 1 0 0 3 137 191 0.717277
3 0 0 0 1 0 0 2 10 13 18 0.722222
2 1 0 0 0 1 0 2 12 46 46 1
1 0 0 0 0 0 1 2 16 1 1 1
2 1 0 0 0 1 0 2 11 37 38 0.973684
1 1 1 0 0 1 1 0 13 11 11 1
3 1 0 1 1 1 0 0 16 185 185 1
0 0 0 0 0 0 1 2 6 0 2 0
3 0 0 1 1 1 0 0 15 20 24 0.833333
3 0 0 1 1 1 0 0 16 21 26 0.807692
3 1 1 0 0 0 0 2 7 60 60 1
0 1 0 0 1 1 0 1 8 50 50 1
1 1 0 1 0 0 1 1 16 12 13 0.923077
0 1 0 2 0 1 0 0 5 42 42 1
1 0 0 0 0 0 0 3 9 44 88 0.5
2 1 0 0 2 1 0 0 11 165 165 1
2 0 0 0 2 1 0 0 10 70 79 0.886076
3 1 0 0 3 0 0 0 11 73 73 1
2 0 0 0 2 1 0 0 9 59 68 0.867647
0 0 0 1 0 1 0 1 4 56 118 0.474576
0 1 0 1 0 2 0 0 17 42 42 1
3 1 0 0 0 0 0 3 13 16 16 1
1 1 0 1 0 0 2 0 12 1 1 1
2 0 1 0 0 0 0 2 5 29 45 0.644444
1 1 0 0 1 2 0 0 11 26 26 1
1 1 1 0 0 1 1 0 11 6 6 1
1 0 0 2 0 0 1 0 10 11 11 1
3 1 0 1 1 1 0 0 10 97 97 1
1 1 0 0 1 2 0 0 10 23 23 1
2 0 0 0 3 0 0 0 17 47 60 0.783333
2 0 0 0 3 0 0 0 16 63 67 0.940299
2 0 0 0 3 0 0 0 15 66 81 0.814815
2 0 0 0 0 0 0 3 6 1 3 0.333333
2 0 0 0 0 0 0 3 18 5 6 0.833333
0 1 0 0 1 2 0 0 13 31 32 0.96875
4 1 0 2 0 0 0 1 18 62 62 1
0 1 0 0 1 2 0 0 12 29 29 1
2 0 0 0 0 0 0 3 9 20 25 0.8
4 1 0 2 0 0 0 1 17 23 23 1
2 0 0 0 0 0 0 3 15 13 24 0.541667
4 1 0 2 0 0 0 1 13 25 25 1
1 0 0 1 0 0 1 1 11 8 15 0.533333
0 1 0 0 1 2 0 0 11 18 18 1
2 0 0 0 0 0 0 3 8 6 11 0.545455
4 1 0 2 0 0 0 1 12 24 24 1
1 0 0 1 0 0 1 1 10 12 16 0.75
0 1 0 0 1 2 0 0 10 22 22 1
2 0 0 0 0 0 0 3 13 29 56 0.517857
4 1 0 2 0 0 0 1 11 14 14 1
4 1 0 2 0 0 0 1 10 10 10 1
3 0 0 3 0 0 0 0 16 43 46 0.934783
0 0 0 0 1 2 0 0 15 34 44 0.772727
2 1 0 1 0 2 0 0 18 171 172 0.994186
3 0 2 0 0 1 0 0 8 179 185 0.967568
3 0 1 0 1 1 0 0 12 63 67 0.940299
1 0 0 1 0 2 0 0 11 62 78 0.794872
1 1 0 1 0 1 1 0 8 3 3 1
1 1 0 0 2 0 0 1 7 102 102 1
2 0 2 1 0 0 0 0 2 21 23 0.913043
2 0 0 1 0 1 0 1 5 4 4 1
3 0 0 0 3 0 0 0 12 8 11 0.727273
2 1 0 0 2 1 0 0 10 116 116 1
3 0 0 0 3 0 0 0 11 12 13 0.923077
2 0 0 2 0 1 0 0 4 8 8 1
3 0 0 0 3 0 0 0 10 11 12 0.916667
1 1 0 2 1 0 0 0 3 5 5 1
3 0 0 1 2 0 0 0 8 28 30 0.933333
3 0 0 2 1 0 0 0 6 22 22 1
3 0 1 0 0 0 0 2 9 70 96 0.729167
2 1 0 0 2 0 1 0 12 6 6 1
2 0 1 1 0 0 1 0 17 15 17 0.882353
1 0 0 0 2 0 0 1 5 47 60 0.783333
0 0 0 0 0 3 0 0 5 1 1 1
1 0 0 0 1 2 0 0 16 8 13 0.615385
1 0 0 1 1 0 0 1 4 98 145 0.675862
0 1 0 2 0 1 0 0 6 113 113 1
2 1 0 1 0 1 0 1 7 35 35 1
1 1 1 0 0 2 0 0 7 62 62 1
2 1 1 0 0 1 0 1 6 73 73 1
1 0 0 0 2 1 0 0 18 55 76 0.723684
1 0 0 0 2 1 0 0 17 48 57 0.842105
1 0 0 0 2 1 0 0 16 55 70 0.785714
3 0 0 2 0 0 0 1 7 31 36 0.861111
3 0 0 0 0 0 1 2 11 1 1 1
0 1 0 1 0 2 0 0 15 48 49 0.979592
3 0 0 1 1 0 0 1 13 131 175 0.748571
1 0 0 0 1 2 0 0 13 17 19 0.894737
0 1 1 2 0 0 0 0 2 107 107 1
3 1 0 0 0 0 0 3 12 18 18 1
3 1 0 0 0 0 0 3 11 13 13 1
0 0 0 0 1 0 0 2 5 62 148 0.418919
1 0 0 0 1 2 0 0 6 5 7 0.714286
1 1 0 1 2 0 0 0 5 88 88 1
1 1 1 0 0 2 0 0 12 298 299 0.996656
2 1 0 0 0 0 1 2 11 2 2 1
2 1 0 1 0 1 0 1 9 190 190 1
3 1 1 0 0 0 0 2 8 152 152 1
2 1 0 0 2 0 1 0 8 1 1 1
2 1 0 0 3 0 0 0 18 557 558 0.998208
2 1 0 0 2 0 0 1 7 52 52 1
0 0 0 1 0 0 1 1 16 10 13 0.769231
3 0 0 0 1 2 0 0 18 3 5 0.6
0 0 0 1 0 0 1 1 15 15 16 0.9375
1 1 0 0 0 1 0 2 15 47 49 0.959184
1 1 0 1 0 0 1 1 15 11 12 0.916667
1 1 0 1 0 0 1 1 14 14 14 1
3 0 1 2 0 0 0 0 5 155 161 0.962733
2 0 1 0 1 0 0 1 4 69 92 0.75
0 1 0 0 1 1 0 1 9 84 84 1
0 1 1 0 0 0 1 1 17 13 13 1
0 1 1 0 0 0 1 1 16 16 16 1
2 0 0 0 2 1 0 0 17 34 42 0.809524
4 1 2 0 0 0 0 1 17 223 223 1
0 1 1 0 0 0 1 1 15 16 16 1
3 0 0 1 0 0 0 2 11 51 68 0.75
2 1 0 0 0 1 0 2 10 28 28 1
2 0 1 0 0 0 1 1 10 9 14 0.642857
0 0 1 0 1 0 1 0 7 95 113 0.840708
2 1 2 0 0 0 1 0 7 26 26 1
0 0 1 0 1 0 1 0 6 50 65 0.769231
2 1 2 0 0 0 1 0 6 11 11 1
3 1 1 0 0 1 1 0 10 1 1 1
0 0 1 0 1 0 1 0 5 25 42 0.595238
3 0 0 1 1 0 0 1 14 157 190 0.826316
2 1 0 0 2 0 1 0 7 1 1 1
2 1 0 0 3 0 0 0 17 242 243 0.995885
2 1 0 1 1 0 0 1 6 105 106 0.990566
3 1 1 0 1 1 0 0 8 214 214 1
2 0 1 0 0 2 0 0 6 9 11 0.818182
2 1 1 0 0 2 0 0 8 70 71 0.985915
1 0 0 0 0 0 0 3 10 76 128 0.59375
2 1 0 1 0 2 0 0 16 69 69 1
1 0 0 0 1 1 0 1 17 81 114 0.710526
0 0 0 0 3 0 0 0 17 139 169 0.822485
1 1 1 1 1 0 0 0 3 99 99 1
2 0 0 0 3 0 0 0 4 1 1 1
2 0 0 3 0 0 0 0 16 554 615 0.900813
1 1 0 0 0 2 0 1 11 18 18 1
0 1 0 0 1 1 0 1 14 169 169 1
0 0 0 0 2 0 1 0 11 8 10 0.8
3 1 0 0 1 1 0 1 13 48 48 1
0 0 0 0 2 0 1 0 10 11 13 0.846154
3 1 0 0 1 1 0 1 12 50 50 1
3 1 0 0 1 1 0 1 11 31 31 1
1 1 0 2 0 0 1 0 10 9 9 1
2 0 1 0 1 0 1 0 17 3 4 0.75
2 1 0 0 1 0 0 2 8 67 67 1
1 0 0 0 3 0 0 0 4 8 10 0.8
1 0 0 1 2 0 0 0 3 20 23 0.869565
2 0 0 1 1 0 0 1 5 38 51 0.745098
1 0 1 0 2 0 0 0 2 22 28 0.785714
1 1 0 2 0 1 0 0 5 21 21 1
2 0 1 0 0 1 1 0 13 4 4 1
3 0 0 3 0 0 0 0 5 7 7 1
3 1 1 1 0 1 0 0 5 20 20 1
3 0 0 2 0 0 0 1 15 149 193 0.772021
3 0 1 1 0 1 0 0 4 1 1 1
0 0 0 1 1 1 0 0 3 61 81 0.753086
2 1 0 0 2 1 0 0 13 154 155 0.993548
3 0 0 2 1 0 0 0 18 186 215 0.865116
2 0 0 1 0 0 1 1 18 7 11 0.636364
2 0 2 0 0 0 1 0 7 38 42 0.904762
1 0 0 1 0 2 0 0 8 42 50 0.84
0 0 0 0 1 0 1 1 11 9 10 0.9
3 1 0 1 0 0 0 2 8 40 40 1
2 1 0 0 1 2 0 0 8 7 7 1
2 0 0 3 0 0 0 0 4 103 106 0.971698
1 0 0 2 1 0 0 0 3 166 178 0.932584
0 0 1 0 0 0 1 1 9 64 96 0.666667
0 0 1 0 0 0 1 1 8 58 92 0.630435
4 1 0 0 1 0 0 2 14 1 1 1
0 0 1 0 0 0 1 1 7 33 66 0.5
4 1 0 0 1 0 0 2 13 2 2 1
0 0 1 0 0 0 1 1 6 27 48 0.5625
0 0 1 0 0 1 1 0 14 17 22 0.772727
0 0 0 0 1 1 0 1 15 198 291 0.680412
2 0 0 0 3 0 0 0 5 2 2 1
2 0 0 3 0 0 0 0 17 422 487 0.86653
0 0 2 0 0 0 1 0 3 48 71 0.676056
2 1 0 2 0 0 1 0 18 50 50 1
2 0 0 0 1 1 0 1 11 90 122 0.737705
0 1 0 0 2 0 0 1 5 11 11 1
1 1 1 0 2 0 0 0 3 2 2 1
0 1 0 1 1 0 1 0 13 9 9 1
3 0 0 0 2 0 0 1 18 62 69 0.898551
0 0 0 2 0 0 0 1 2 173 311 0.55627
2 0 0 0 1 1 0 1 10 83 105 0.790476
4 1 1 0 1 1 0 0 14 17 17 1
1 1 0 1 1 0 0 1 6 203 205 0.990244
0 0 0 0 0 0 1 2 14 0 2 0
1 1 0 1 1 0 0 1 4 7 7 1
1 1 0 2 0 0 0 1 5 98 101 0.970297
2 1 0 1 0 2 0 0 11 33 33 1
4 1 0 2 0 0 0 1 14 30 30 1
2 0 0 0 0 0 0 3 14 19 43 0.44186
3 1 0 0 2 0 1 0 12 1 1 1
0 0 1 0 1 0 1 0 17 16 19 0.842105
2 1 0 1 0 0 1 1 18 26 26 1
0 0 1 0 1 0 1 0 16 23 29 0.793103
4 1 2 0 1 0 0 0 16 146 146 1
1 1 0 0 3 0 0 0 6 38 39 0.974359
2 1 0 0 1 0 1 1 13 2 3 0.666667
1 1 1 1 0 0 1 0 8 66 67 0.985075
2 1 0 0 1 0 1 1 12 2 2 1
1 1 1 1 0 0 1 0 7 29 30 0.966667
0 1 0 1 0 1 1 0 12 1 1 1
2 1 0 0 2 1 0 0 18 373 375 0.994667
2 0 1 1 0 0 1 0 18 23 29 0.793103
2 1 0 0 2 0 1 0 13 7 7 1
2 0 0 1 1 0 1 0 12 2 3 0.666667
4 1 1 2 0 0 0 0 7 25 25 1
2 1 0 1 1 0 1 0 12 13 13 1
2 0 0 1 0 2 0 0 13 20 21 0.952381
0 0 0 0 0 0 1 2 9 4 5 0.8
3 0 0 1 1 1 0 0 17 19 23 0.826087
0 0 0 0 0 0 1 2 8 2 2 1
1 1 0 0 3 0 0 0 8 181 183 0.989071
3 1 0 0 0 1 0 2 13 17 17 1
3 1 0 0 0 1 0 2 12 16 16 1
3 0 0 1 0 1 0 1 15 16 24 0.666667
3 0 0 1 0 1 0 1 14 21 31 0.677419
4 1 2 0 0 0 0 1 14 265 265 1
0 0 1 0 0 0 1 1 12 61 91 0.67033
0 0 0 0 0 3 0 0 13 2 2 1
0 0 0 0 0 3 0 0 12 1 1 1
1 0 0 0 1 1 0 1 18 89 142 0.626761
2 0 0 2 0 1 0 0 17 124 154 0.805195
2 0 0 2 0 1 0 0 16 148 175 0.845714
0 1 0 2 0 1 0 0 7 219 219 1
0 1 1 0 0 0 0 2 18 181 186 0.973118
2 1 0 0 0 0 0 3 18 10 10 1
2 1 0 0 0 0 0 3 17 23 23 1
2 0 1 0 0 2 0 0 18 61 77 0.792208
2 0 1 0 0 2 0 0 17 36 44 0.818182
2 0 1 0 0 2 0 0 16 42 52 0.807692
2 0 1 0 0 2 0 0 15 51 61 0.836066
2 0 1 0 0 2 0 0 14 63 78 0.807692
2 0 1 0 0 2 0 0 13 80 98 0.816327
0 0 0 0 2 1 0 0 3 5 10 0.5
1 1 0 0 1 2 0 0 17 29 30 0.966667
0 1 0 0 1 1 0 1 18 123 124 0.991935
3 0 0 0 0 1 0 2 18 4 5 0.8
2 1 2 0 0 0 1 0 15 96 96 1
3 0 0 2 0 0 0 1 10 128 149 0.85906
1 0 1 0 1 0 1 0 15 18 21 0.857143
3 0 0 0 2 1 0 0 12 8 10 0.8
4 1 0 2 0 0 0 1 16 24 24 1
0 1 0 0 1 2 0 0 15 27 27 1
2 0 0 0 0 0 0 3 17 6 11 0.545455
2 0 0 0 0 0 0 3 7 3 5 0.6
4 1 0 2 0 0 0 1 15 26 26 1
0 1 0 0 1 2 0 0 14 34 34 1
0 1 0 1 0 1 0 1 8 144 144 1
1 0 0 1 0 0 1 1 12 8 15 0.533333
1 0 0 1 0 0 1 1 14 6 10 0.6
1 0 1 1 0 0 1 0 11 59 69 0.855072
1 0 1 1 0 0 1 0 10 83 93 0.892473
0 0 0 0 0 0 1 2 10 1 2 0.5
0 1 0 1 1 0 0 1 5 50 50 1
3 0 0 3 0 0 0 0 12 77 80 0.9625
2 1 1 1 1 0 0 0 3 11 11 1
2 0 0 1 2 0 0 0 17 276 354 0.779661
1 1 2 0 0 0 1 0 18 108 108 1
0 1 0 1 0 1 0 1 9 234 236 0.991525
0 1 0 1 0 0 0 2 9 314 315 0.996825
3 1 1 0 1 1 0 0 9 356 356 1
2 1 0 1 1 0 0 1 5 11 11 1
3 1 1 0 1 1 0 0 7 80 80 1
2 0 1 0 0 2 0 0 7 37 42 0.880952
3 1 1 0 2 0 0 0 6 92 92 1
2 0 1 0 1 1 0 0 5 76 82 0.926829
0 0 0 0 3 0 0 0 4 107 135 0.792593
1 1 0 0 0 0 0 3 12 66 66 1
1 1 0 0 0 0 0 3 10 40 40 1
4 1 1 0 1 0 0 1 9 20 20 1
4 1 1 1 0 0 1 0 16 3 3 1
0 1 0 0 1 1 0 1 12 166 168 0.988095
3 1 1 0 0 0 1 1 14 12 12 1
0 1 0 1 1 1 0 0 17 426 428 0.995327
1 1 0 0 2 1 0 0 10 163 165 0.987879
0 1 0 1 0 2 0 0 12 58 59 0.983051
0 1 0 1 0 0 0 2 6 29 29 1
3 0 1 0 1 0 1 0 15 2 2 1
2 1 0 0 0 1 0 2 16 25 25 1
2 0 0 1 2 0 0 0 6 239 242 0.987603
2 1 1 0 0 2 0 0 18 347 347 1
1 1 1 1 0 0 1 0 12 107 107 1
3 1 0 2 0 0 1 0 14 2 2 1
2 1 0 0 0 2 0 1 17 9 10 0.9
2 1 1 0 1 1 0 0 5 22 22 1
1 1 1 1 0 1 0 0 4 50 50 1
0 0 0 2 0 1 0 0 4 462 588 0.785714
2 1 0 0 1 2 0 0 9 19 19 1
4 1 0 1 0 2 0 0 12 1 1 1
0 1 0 0 1 0 1 1 17 1 1 1
3 0 0 0 2 1 0 0 9 5 5 1
2 0 0 1 0 2 0 0 8 14 15 0.933333
0 0 0 0 2 0 1 0 9 10 15 0.666667
2 0 0 1 1 1 0 0 7 115 122 0.942623
0 0 0 2 0 0 1 0 12 31 35 0.885714
3 1 0 0 3 0 0 0 15 86 86 1
2 0 0 0 1 1 0 1 12 84 129 0.651163
3 0 0 3 0 0 0 0 14 54 57 0.947368
0 1 1 0 0 2 0 0 4 2 2 1
3 1 0 2 1 0 0 0 8 362 362 1
3 1 0 3 0 0 0 0 7 148 148 1
0 1 0 0 0 1 0 2 9 16 16 1
3 0 1 1 0 1 0 0 5 7 7 1
3 0 0 2 0 0 0 1 14 161 194 0.829897
0 0 0 1 0 0 0 2 2 7 9 0.777778
3 1 0 1 2 0 0 0 10 367 367 1
2 0 1 0 0 2 0 0 12 76 94 0.808511
2 0 1 0 0 2 0 0 11 81 95 0.852632
2 0 1 0 0 2 0 0 10 69 90 0.766667
1 0 1 1 0 0 1 0 4 3 3 1
3 0 0 1 0 0 0 2 10 35 38 0.921053
1 0 0 0 1 1 0 1 7 66 96 0.6875
0 1 0 0 0 2 0 1 9 6 6 1
0 1 1 0 0 0 0 2 5 36 36 1
4 1 2 0 0 0 0 1 7 41 41 1
2 1 0 1 0 2 0 0 14 65 65 1
1 0 0 1 1 0 1 0 7 7 8 0.875
1 1 1 0 1 0 1 0 18 98 99 0.989899
2 1 1 1 0 0 1 0 17 75 76 0.986842
1 0 0 1 1 0 1 0 6 3 4 0.75
1 1 1 0 1 0 1 0 17 47 48 0.979167
1 1 1 0 1 0 1 0 16 55 55 1
1 1 0 0 0 1 1 1 18 4 4 1
2 1 1 1 0 0 1 0 15 87 87 1
1 1 1 0 1 0 1 0 15 48 48 1
2 0 1 1 0 0 1 0 11 23 27 0.851852
2 0 1 0 1 0 1 0 13 7 11 0.636364
1 1 0 2 0 0 1 0 14 25 26 0.961538
2 1 0 1 0 0 1 1 14 11 11 1
0 0 1 0 1 0 1 0 12 102 123 0.829268
2 1 1 0 0 0 1 1 11 32 32 1
2 1 2 0 0 0 1 0 11 125 125 1
0 0 0 0 1 0 0 2 2 1 2 0.5
2 1 1 0 0 0 1 1 10 18 18 1
2 1 2 0 0 0 1 0 10 105 105 1
4 1 2 0 1 0 0 0 9 160 160 1
2 1 2 0 0 0 1 0 9 82 82 1
4 1 2 0 1 0 0 0 8 85 85 1
2 1 2 0 0 0 1 0 8 66 66 1
0 0 1 0 1 0 1 0 8 133 149 0.892617
3 1 1 0 0 0 2 0 16 1 1 1
1 0 0 0 0 0 0 3 6 3 6 0.5
0 1 0 0 2 1 0 0 18 174 174 1
0 0 0 1 0 2 0 0 5 26 39 0.666667
1 0 0 1 0 2 0 0 14 42 60 0.7
0 0 0 0 0 1 0 2 18 4 10 0.4
1 1 0 0 2 0 0 1 8 215 217 0.990783
4 1 1 1 0 0 0 1 11 113 113 1
3 1 0 1 0 1 1 0 10 1 1 1
2 0 0 0 2 1 0 0 6 7 9 0.777778
4 1 1 1 0 0 0 1 10 89 89 1
3 1 0 2 0 0 1 0 18 28 28 1
3 0 0 2 1 0 0 0 12 103 107 0.962617
4 1 1 1 0 0 0 1 9 51 51 1
4 1 0 1 1 0 1 0 16 2 2 1
3 1 0 2 0 0 1 0 17 3 3 1
3 0 0 2 1 0 0 0 11 106 110 0.963636
4 1 1 1 0 0 0 1 8 26 26 1
0 0 0 1 1 0 1 0 6 11 16 0.6875
4 1 1 2 0 0 0 0 14 123 123 1
0 0 0 1 1 0 1 0 7 19 29 0.655172
4 1 1 2 0 0 0 0 13 116 116 1
4 1 1 2 0 0 0 0 10 100 100 1
1 1 0 0 0 3 0 0 10 1 2 0.5
1 0 0 0 1 2 0 0 5 2 2 1
3 1 0 0 2 0 0 1 9 64 64 1
2 0 1 0 0 0 0 2 6 152 224 0.678571
0 1 0 0 0 1 0 2 8 7 7 1
3 1 0 2 0 1 0 0 18 544 544 1
0 0 0 0 0 2 1 0 11 1 1 1
0 0 0 1 0 0 1 1 10 20 31 0.645161
1 0 1 0 0 0 1 1 9 16 30 0.533333
1 0 1 0 0 0 1 1 8 18 24 0.75
0 0 1 0 0 1 0 1 18 261 445 0.586517
1 1 2 0 1 0 0 0 3 341 341 1
2 0 0 0 1 0 1 1 12 0 1 0
1 0 0 0 0 1 1 1 13 2 3 0.666667
2 0 1 1 0 0 1 0 10 28 29 0.965517
4 1 1 1 1 0 0 0 10 95 95 1
4 1 1 2 0 0 0 0 11 116 116 1
0 0 0 1 1 0 1 0 9 42 47 0.893617
2 0 0 0 0 1 0 2 14 23 38 0.605263
1 0 1 0 1 0 1 0 9 48 57 0.842105
4 1 1 1 1 0 0 0 9 76 76 1
2 0 0 0 0 1 0 2 13 34 56 0.607143
1 0 1 0 1 0 1 0 8 28 32 0.875
3 0 0 1 1 1 0 0 14 16 20 0.8
3 0 0 2 1 0 0 0 8 84 84 1
3 0 0 2 1 0 0 0 7 48 49 0.979592
1 0 0 1 1 1 0 0 6 226 256 0.882813
4 1 2 1 0 0 0 0 6 30 30 1
1 1 0 1 0 0 0 2 7 119 120 0.991667
0 1 1 1 0 1 0 0 4 85 86 0.988372
0 1 0 1 2 0 0 0 8 1007 1011 0.996044
1 0 0 0 1 0 0 2 6 40 65 0.615385
1 0 2 0 0 0 1 0 4 11 12 0.916667
0 1 1 0 1 0 1 0 12 36 36 1
2 0 0 1 1 1 0 0 18 193 241 0.80083
1 1 1 1 0 0 1 0 18 154 154 1
0 0 1 1 0 0 1 0 17 34 39 0.871795
0 0 1 1 0 0 1 0 16 55 57 0.964912
3 1 1 0 0 0 0 2 9 354 354 1
2 0 0 1 1 0 0 1 6 163 221 0.737557
1 0 1 0 2 0 0 0 3 176 203 0.866995
1 1 0 0 0 1 0 2 11 40 41 0.97561
2 1 0 0 1 2 0 0 13 41 41 1
0 1 0 0 0 1 0 2 16 18 18 1
2 1 0 0 1 2 0 0 12 38 38 1
0 0 0 0 1 2 0 0 17 20 25 0.8
0 1 0 0 0 1 0 2 15 27 27 1
2 1 0 2 0 0 1 0 16 16 16 1
4 1 0 0 0 0 1 2 11 1 1 1
3 1 2 0 0 0 1 0 12 40 40 1
4 1 0 2 1 0 0 0 18 95 95 1
0 0 0 1 1 0 1 0 11 34 41 0.829268
0 0 0 1 1 0 1 0 10 38 44 0.863636
3 0 1 0 0 2 0 0 12 2 2 1
0 0 1 0 2 0 0 0 1 90 111 0.810811
0 1 1 0 0 1 0 1 6 106 106 1
4 1 2 0 0 0 0 1 18 383 383 1
4 1 1 0 2 0 0 0 16 43 43 1
1 0 0 1 0 1 0 1 10 520 776 0.670103
3 1 0 1 1 0 0 1 10 529 529 1
0 0 0 1 0 0 1 1 5 0 1 0
1 1 0 0 2 0 0 1 18 676 683 0.989751
0 0 0 1 0 0 1 1 8 17 25 0.68
1 1 0 0 2 0 0 1 17 533 537 0.992551
2 1 1 0 1 0 0 1 5 115 115 1
0 0 0 0 2 0 0 1 3 30 47 0.638298
3 1 0 2 0 0 1 0 12 5 5 1
3 0 0 2 1 0 0 0 10 116 116 1
2 0 0 0 0 1 0 2 9 18 27 0.666667
1 1 0 0 3 0 0 0 7 92 92 1
0 0 2 0 0 0 1 0 2 14 20 0.7
0 0 0 1 0 1 1 0 17 1 1 1
0 0 0 1 0 1 1 0 16 1 2 0.5
0 0 0 1 0 1 1 0 15 3 5 0.6
0 0 1 0 1 0 1 0 11 129 149 0.865772
0 0 0 1 1 0 1 0 14 18 20 0.9
1 0 1 0 1 0 1 0 13 25 31 0.806452
0 0 0 1 1 0 1 0 13 23 28 0.821429
3 1 1 2 0 0 0 0 3 1 1 1
1 0 1 0 1 0 1 0 12 38 41 0.926829
2 1 0 0 2 1 0 0 15 173 173 1
3 0 0 2 1 0 0 0 16 99 106 0.933962
2 0 0 2 0 1 0 0 15 185 225 0.822222
2 0 0 2 0 1 0 0 14 224 276 0.811594
4 1 0 1 1 0 1 0 18 2 2 1
3 1 0 2 0 0 1 0 15 2 2 1
3 0 0 2 1 0 0 0 13 90 95 0.947368
1 0 0 0 0 1 0 2 12 44 85 0.517647
0 1 1 0 1 0 0 1 5 293 294 0.996599
3 0 1 2 0 0 0 0 17 247 270 0.914815
3 0 1 0 1 0 1 0 13 2 3 0.666667
2 1 0 0 0 1 0 2 18 24 24 1
3 0 1 0 1 0 1 0 14 2 2 1
2 1 0 0 0 1 0 2 17 26 26 1
2 1 0 1 0 0 1 1 16 10 10 1
3 1 0 0 2 0 1 0 13 2 2 1
0 0 1 0 1 0 1 0 14 52 64 0.8125
2 0 0 0 1 0 0 2 14 138 209 0.660287
3 0 0 1 0 0 0 2 13 90 105 0.857143
1 0 0 0 1 1 0 1 16 85 128 0.664063
2 1 1 1 0 0 1 0 14 99 99 1
0 1 1 1 1 0 0 0 2 20 20 1
2 1 1 1 0 0 0 1 4 78 78 1
1 1 1 2 0 0 0 0 2 22 22 1
0 0 0 0 2 0 1 0 17 0 1 0
1 0 0 2 0 0 1 0 18 4 9 0.444444
3 1 0 1 1 1 0 0 18 602 604 0.996689
1 1 0 2 0 1 0 0 7 234 234 1
1 0 0 0 1 0 1 1 12 1 1 1
3 0 0 0 1 1 0 1 17 15 18 0.833333
0 1 0 0 0 1 0 2 14 33 33 1
0 0 0 0 1 2 0 0 14 50 56 0.892857
0 0 0 0 1 2 0 0 13 52 67 0.776119
3 1 0 0 2 0 0 1 11 146 146 1
0 1 1 0 1 0 1 0 16 24 24 1
0 1 0 1 1 1 0 0 6 71 71 1
1 0 2 0 0 0 1 0 8 134 151 0.887417
2 0 1 1 0 0 0 1 3 32 42 0.761905
1 0 1 0 0 0 1 1 16 12 20 0.6
2 1 1 1 0 0 0 1 5 496 499 0.993988
0 1 0 1 0 1 0 1 16 297 298 0.996644
0 1 2 0 0 1 0 0 4 251 251 1
2 0 0 0 2 0 0 1 4 3 4 0.75
1 1 0 0 0 1 0 2 8 13 13 1
0 0 1 0 0 2 0 0 5 145 204 0.710784
1 1 0 0 0 1 0 2 9 21 21 1
2 1 0 0 1 1 0 1 14 211 211 1
2 0 0 0 1 1 0 1 13 74 119 0.621849
0 1 0 0 2 1 0 0 12 137 137 1
3 0 0 0 3 0 0 0 7 2 2 1
3 1 0 0 3 0 0 0 13 80 80 1
3 1 1 0 0 2 0 0 16 52 52 1
3 0 1 0 0 2 0 0 15 4 5 0.8
3 0 0 0 3 0 0 0 8 3 4 0.75
3 1 0 0 3 0 0 0 14 81 81 1
0 0 0 2 0 0 1 0 11 37 40 0.925
3 1 1 0 0 2 0 0 15 52 52 1
3 0 1 0 0 2 0 0 13 6 7 0.857143
2 0 0 0 0 2 0 1 13 6 7 0.857143
0 0 0 2 0 0 1 0 18 7 8 0.875
3 1 1 0 0 2 0 0 12 44 44 1
3 0 1 1 0 0 0 1 18 1037 1250 0.8296
4 1 0 0 3 0 0 0 18 5 5 1
1 1 1 0 0 0 1 1 7 3 3 1
3 1 0 0 0 0 0 3 17 5 5 1
4 1 0 0 3 0 0 0 17 1 1 1
1 1 1 0 0 0 1 1 6 1 1 1
3 1 0 0 0 0 0 3 16 10 10 1
3 1 0 0 0 0 0 3 15 10 10 1
4 1 0 1 1 0 0 1 12 16 16 1
3 0 1 0 0 0 0 2 17 122 154 0.792208
1 1 1 0 0 1 1 0 18 16 17 0.941176
1 0 0 0 1 2 0 0 10 16 22 0.727273
3 1 0 1 1 1 0 0 13 165 165 1
1 1 1 0 0 1 1 0 17 13 13 1
1 0 0 0 1 2 0 0 11 20 24 0.833333
3 1 0 1 1 1 0 0 12 151 152 0.993421
1 1 1 0 0 1 1 0 12 9 9 1
3 1 0 1 1 1 0 0 11 140 140 1
3 0 0 2 0 0 1 0 11 2 2 1
4 1 1 0 0 1 0 1 10 4 4 1
3 0 1 0 1 1 0 0 8 39 40 0.975
3 0 1 1 1 0 0 0 5 73 73 1
0 0 0 2 0 0 1 0 8 34 40 0.85
1 1 2 1 0 0 0 0 7 90699 91043 0.996222
3 1 1 1 0 0 0 1 6 302 302 1
2 1 0 0 2 1 0 0 8 46 47 0.978723
3 0 1 0 2 0 0 0 9 146 154 0.948052
2 1 1 2 0 0 0 0 18 19768 19832 0.996773
2 0 2 1 0 0 0 0 14 14695 15442 0.951625
2 0 0 1 0 1 0 1 13 188 268 0.701493
1 1 1 1 0 0 1 0 17 81 82 0.987805
1 1 1 1 0 0 1 0 16 84 85 0.988235
1 0 1 1 0 0 1 0 16 23 35 0.657143
1 1 1 1 0 0 1 0 15 101 101 1
1 0 1 1 0 0 1 0 15 31 35 0.885714
1 1 1 1 0 0 1 0 14 102 103 0.990291
1 0 1 1 0 0 1 0 14 38 52 0.730769
1 1 1 1 0 0 1 0 13 116 116 1
1 0 1 1 0 0 1 0 13 45 52 0.865385
1 0 1 1 0 0 1 0 12 55 61 0.901639
0 0 1 0 0 2 0 0 14 279 337 0.827893
3 1 1 1 1 0 0 0 5 123 123 1
0 1 2 0 0 1 0 0 14 3961 3969 0.997984
2 0 1 1 0 1 0 0 4 57 62 0.919355
1 0 3 0 0 0 0 0 12 64407 66235 0.972401
1 1 0 2 0 1 0 0 8 374 376 0.994681
3 0 2 1 0 0 0 0 18 659 730 0.90274
0 0 0 0 0 0 0 3 17 12 20 0.6
3 0 0 1 0 2 0 0 8 1 1 1
0 0 0 0 0 0 0 3 15 72 120 0.6
3 1 1 1 0 0 1 0 14 28 28 1
4 1 2 0 1 0 0 0 18 292 292 1
1 0 0 2 0 0 0 1 3 44 64 0.6875
1 1 0 0 2 1 0 0 6 13 14 0.928571
0 1 0 2 0 1 0 0 13 632 633 0.99842
3 0 1 0 0 0 0 2 8 37 54 0.685185
4 1 0 1 0 0 0 2 17 4 4 1
0 1 0 0 1 0 0 2 13 286 286 1
1 1 0 0 1 1 0 1 14 235 237 0.991561
2 0 0 0 3 0 0 0 12 104 121 0.859504
3 1 1 0 0 0 0 2 17 422 422 1
2 0 0 3 0 0 0 0 11 1437 1497 0.95992
1 0 0 2 1 0 0 0 18 1232 1688 0.729858
0 1 2 0 0 0 1 0 10 100 100 1
1 0 0 1 1 1 0 0 18 258 371 0.695418
2 0 0 0 1 0 1 1 18 0 1 0
0 0 1 0 0 2 0 0 16 93 116 0.801724
3 1 1 1 1 0 0 0 4 19 19 1
3 1 1 1 0 0 0 1 18 6097 6100 0.999508
0 0 1 0 0 2 0 0 15 157 195 0.805128
0 1 0 0 1 0 0 2 10 167 167 1
1 1 0 0 2 1 0 0 7 45 45 1
1 0 0 2 0 0 0 1 4 234 337 0.694362
2 1 0 0 2 0 1 0 18 7 7 1
2 0 1 1 0 0 1 0 15 15 20 0.75
1 0 0 0 2 0 0 1 7 264 397 0.664987
1 1 0 0 1 0 1 1 17 5 5 1
1 1 1 0 0 1 0 1 4 2 2 1
0 1 0 1 0 1 0 1 14 373 377 0.98939
3 1 0 2 0 0 0 1 11 922 922 1
3 0 1 0 2 0 0 0 14 155 173 0.895954
3 1 0 2 0 0 0 1 16 973 973 1
3 0 1 0 2 0 0 0 13 165 181 0.911602
3 1 0 2 0 0 0 1 17 871 872 0.998853
3 0 1 0 2 0 0 0 12 181 191 0.947644
3 1 0 2 0 0 0 1 14 1113 1113 1
3 0 1 0 2 0 0 0 11 187 198 0.944444
0 1 0 0 1 2 0 0 6 4 4 1
3 1 0 2 0 0 0 1 15 1032 1032 1
3 0 1 0 2 0 0 0 10 184 196 0.938776
3 0 1 1 1 0 0 0 17 355 402 0.883085
1 0 0 0 2 1 0 0 5 12 14 0.857143
2 1 1 0 0 2 0 0 15 204 206 0.990291
2 0 0 0 0 0 0 3 10 32 50 0.64
4 1 0 1 1 0 0 1 13 17 17 1
3 0 1 0 0 0 0 2 18 140 164 0.853659
1 0 0 0 3 0 0 0 12 266 326 0.815951
4 1 1 0 0 0 0 2 16 31 31 1
0 1 0 2 1 0 0 0 2 2 2 1
2 1 1 1 0 1 0 0 7 1118 1118 1
1 0 0 0 3 0 0 0 15 122 164 0.743902
4 1 1 0 0 0 0 2 15 33 33 1
0 1 0 2 1 0 0 0 4 79 79 1
1 0 0 0 3 0 0 0 13 213 259 0.822394
4 1 1 0 0 0 0 2 13 21 21 1
0 1 0 2 1 0 0 0 1 1 1 1
2 1 1 1 0 1 0 0 6 409 409 1
1 0 0 0 3 0 0 0 16 107 133 0.804511
4 1 1 0 0 0 0 2 12 25 25 1
0 1 0 2 1 0 0 0 6 799 801 0.997503
4 1 1 0 0 0 0 2 11 18 18 1
0 1 0 2 1 0 0 0 3 9 9 1
1 0 0 0 3 0 0 0 14 167 214 0.780374
4 1 1 0 0 0 0 2 10 16 16 1
1 0 2 0 0 0 0 1 18 2318 4017 0.577048
0 1 0 1 0 0 0 2 7 87 88 0.988636
0 0 0 0 1 0 1 1 12 7 9 0.777778
3 1 0 1 0 0 0 2 9 76 76 1
1 1 0 2 1 0 0 0 13 5178 5196 0.996536
1 0 0 3 0 0 0 0 2 50 55 0.909091
3 1 0 3 0 0 0 0 6 66 66 1
2 0 0 0 3 0 0 0 13 105 122 0.860656
3 1 1 0 0 0 0 2 16 564 564 1
3 1 1 0 1 0 1 0 13 17 17 1
2 0 1 0 0 1 1 0 8 3 3 1
2 1 1 0 0 1 0 1 8 488 489 0.997955
2 1 1 0 0 1 0 1 7 210 210 1
0 0 0 0 3 0 0 0 18 111 161 0.689441
3 0 2 0 0 0 0 1 5 100 104 0.961538
0 0 1 0 1 0 1 0 9 161 193 0.834197
3 0 2 0 1 0 0 0 5 235 238 0.987395
0 1 2 0 0 0 1 0 9 75 75 1
3 0 2 0 1 0 0 0 4 32 33 0.969697
2 1 0 1 0 1 0 1 17 412 414 0.995169
3 1 0 1 1 0 0 1 8 156 156 1
0 1 0 0 1 2 0 0 18 44 45 0.977778
1 0 0 0 1 1 0 1 9 152 227 0.669604
1 0 0 0 0 0 1 2 9 0 1 0
3 1 0 1 1 0 0 1 7 55 55 1
4 1 1 0 0 1 0 1 17 19 19 1
0 0 0 1 0 1 0 1 12 1371 2024 0.677372
2 1 1 0 0 1 0 1 15 1405 1411 0.995748
1 1 2 1 0 0 0 0 2 288 288 1
3 0 2 0 0 1 0 0 18 234 263 0.889734
2 1 0 1 1 0 0 1 9 1426 1427 0.999299
4 1 1 1 0 1 0 0 17 36 36 1
4 1 1 1 0 1 0 0 16 36 36 1
4 1 1 1 0 1 0 0 14 45 45 1
1 1 1 0 0 2 0 0 11 315 318 0.990566
2 0 0 1 0 0 0 2 15 337 554 0.608303
3 1 1 1 0 0 1 0 12 34 34 1
3 1 1 1 0 0 1 0 11 35 35 1
3 1 1 1 0 0 1 0 10 28 28 1
0 0 2 0 0 0 1 0 4 132 175 0.754286
2 0 0 0 3 0 0 0 11 95 108 0.87963
3 1 1 0 0 0 0 2 18 384 384 1
2 1 0 0 2 1 0 0 14 181 181 1
3 0 0 2 1 0 0 0 17 93 102 0.911765
0 1 0 1 1 0 0 1 7 489 491 0.995927
2 1 0 2 0 1 0 0 18 1440 1441 0.999306
3 0 1 0 0 1 0 1 18 133 166 0.801205
3 0 1 0 0 1 0 1 16 84 103 0.815534
4 1 1 0 2 0 0 0 7 2 2 1
3 1 1 0 0 1 0 1 9 202 203 0.995074
4 1 1 0 1 0 0 1 6 2 2 1
2 1 0 0 3 0 0 0 8 89 90 0.988889
2 1 3 0 0 0 0 0 4 10660 10668 0.99925
1 0 0 0 1 0 0 2 18 77 146 0.527397
0 1 0 2 0 1 0 0 14 584 585 0.998291
1 1 0 0 1 0 0 2 6 12 12 1
2 0 0 0 1 0 0 2 18 59 101 0.584158
2 1 0 1 0 0 1 1 12 7 7 1
1 0 0 0 1 1 0 1 5 2 7 0.285714
2 0 1 1 0 0 1 0 16 17 20 0.85
1 0 0 0 2 0 0 1 4 10 15 0.666667
3 0 0 1 1 0 0 1 7 17 22 0.772727
0 0 1 0 0 0 0 2 3 184 335 0.549254
0 0 0 0 1 1 0 1 14 278 423 0.65721
0 1 0 0 0 3 0 0 11 1 1 1
0 1 1 1 0 0 1 0 15 63 63 1
2 0 1 0 0 0 0 2 17 409 669 0.61136
4 1 0 2 1 0 0 0 11 16 16 1
0 0 0 0 0 2 0 1 8 23 39 0.589744
3 1 2 0 0 0 1 0 13 41 41 1
2 1 1 0 0 0 0 2 6 87 88 0.988636
0 1 1 0 0 1 1 0 12 9 9 1
3 0 0 0 0 1 0 2 16 2 3 0.666667
2 1 2 0 0 0 1 0 17 95 95 1
3 1 0 1 0 1 0 1 17 115 115 1
3 1 0 1 0 1 0 1 14 133 133 1
3 0 0 0 0 1 0 2 12 6 7 0.857143
3 1 0 1 0 1 0 1 13 130 130 1
3 1 0 1 0 1 0 1 12 133 133 1
0 1 0 0 3 0 0 0 9 184 184 1
2 0 1 0 2 0 0 0 17 646 787 0.820839
1 1 0 0 1 1 0 1 9 107 107 1
3 0 0 1 0 0 0 2 16 60 83 0.722892
3 0 0 1 0 0 0 2 15 70 86 0.813953
0 1 0 1 1 0 0 1 9 1549 1554 0.996782
3 1 2 0 0 0 0 1 11 11568 11569 0.999914
2 1 0 0 1 1 0 1 17 133 135 0.985185
0 0 1 1 1 0 0 0 10 162800 182731 0.890927
0 0 0 0 0 0 0 3 7 35 80 0.4375
0 1 1 0 0 2 0 0 7 41 41 1
0 1 1 0 0 2 0 0 8 86 87 0.988506
0 1 1 0 1 1 0 0 7 701 701 1
3 1 0 0 2 0 0 1 10 114 114 1
3 0 0 0 1 2 0 0 16 1 1 1
0 0 0 1 0 0 1 1 17 4 8 0.5
2 1 0 0 2 0 0 1 8 135 136 0.992647
1 1 0 0 2 1 0 0 15 176 176 1
3 1 0 0 3 0 0 0 18 249 249 1
2 0 1 0 0 1 1 0 17 3 3 1
3 0 0 3 0 0 0 0 9 73 74 0.986486
2 0 1 0 0 1 1 0 14 5 5 1
3 0 0 3 0 0 0 0 8 77 77 1
0 0 0 0 3 0 0 0 7 1077 1303 0.826554
3 0 0 3 0 0 0 0 7 54 54 1
2 1 0 0 1 1 0 1 13 218 218 1
1 0 1 0 0 2 0 0 9 213 261 0.816092
1 0 1 0 0 2 0 0 8 176 213 0.826291
1 0 1 0 0 2 0 0 7 114 128 0.890625
0 1 0 0 0 1 0 2 12 34 35 0.971429
2 1 0 2 0 1 0 0 9 457 458 0.997817
0 1 0 2 1 0 0 0 7 1501 1506 0.99668
1 0 0 0 3 0 0 0 18 107 154 0.694805
2 1 0 1 2 0 0 0 16 1643 1646 0.998177
2 0 0 1 2 0 0 0 14 517 615 0.84065
3 0 1 2 0 0 0 0 9 893 898 0.994432
2 0 0 3 0 0 0 0 8 1597 1644 0.971411
4 1 2 0 1 0 0 0 14 190 190 1
4 1 1 2 0 0 0 0 16 101 101 1
2 0 0 3 0 0 0 0 9 1728 1769 0.976823
4 1 2 0 1 0 0 0 13 202 202 1
2 1 2 0 0 1 0 0 16 4175 4184 0.997849
4 1 1 2 0 0 0 0 15 102 102 1
2 1 0 1 1 0 1 0 9 2 2 1
1 1 0 1 0 0 0 2 18 423 425 0.995294
1 1 0 1 0 0 0 2 17 587 593 0.989882
2 0 1 1 1 0 0 0 4 879 917 0.958561
1 1 0 1 0 0 0 2 16 833 842 0.989311
1 1 0 2 0 1 0 0 13 972 978 0.993865
0 0 0 0 1 0 0 2 18 57 102 0.558824
1 1 0 2 0 1 0 0 14 945 949 0.995785
0 0 0 0 1 0 0 2 17 110 192 0.572917
3 0 3 0 0 0 0 0 15 633 643 0.984448
3 1 0 0 2 0 0 1 14 191 192 0.994792
3 1 0 0 2 0 0 1 12 154 154 1
0 0 1 0 0 1 1 0 10 22 28 0.785714
0 1 2 0 0 0 0 1 8 21593 21628 0.998382
0 0 0 0 1 1 0 1 11 551 878 0.627563
0 1 1 0 0 2 0 0 13 161 161 1
0 1 1 0 0 2 0 0 12 186 186 1
2 0 0 1 0 0 0 2 17 180 281 0.640569
2 1 0 0 1 1 0 1 9 75 75 1
0 0 1 2 0 0 0 0 16 13969 16114 0.866886
3 1 1 1 0 0 1 0 18 100 100 1
2 1 0 2 0 0 0 1 15 3543 3555 0.996624
1 1 0 0 0 0 0 3 16 42 42 1
0 1 0 0 1 0 0 2 16 140 140 1
1 1 0 0 1 1 0 1 13 245 246 0.995935
1 0 1 0 1 1 0 0 6 1095 1230 0.890244
1 0 0 3 0 0 0 0 14 1990 2223 0.895187
0 1 0 0 0 3 0 0 12 1 1 1
0 1 1 1 0 0 1 0 18 53 53 1
2 0 1 0 0 0 0 2 18 283 464 0.609914
1 0 0 0 2 1 0 0 6 47 53 0.886792
2 0 0 0 0 0 0 3 11 46 68 0.676471
1 1 2 0 0 1 0 0 5 734 736 0.997283
2 0 0 0 3 0 0 0 9 121 128 0.945313
0 1 2 0 0 0 1 0 18 32 32 1
1 0 0 2 1 0 0 0 10 6298 6916 0.910642
2 0 0 0 3 0 0 0 7 66 68 0.970588
2 0 0 0 3 0 0 0 8 99 109 0.908257
1 1 1 2 0 0 0 0 10 36387 36481 0.997423
1 1 0 0 2 0 0 1 15 754 762 0.989501
1 1 0 1 0 1 1 0 14 3 3 1
0 1 2 0 0 1 0 0 17 1681 1686 0.997034
0 0 0 1 0 1 1 0 7 3 4 0.75
2 0 1 1 0 1 0 0 7 1249 1341 0.931394
3 0 1 1 1 0 0 0 8 617 629 0.980922
0 1 2 0 0 1 0 0 11 6711 6730 0.997177
2 0 1 1 0 1 0 0 5 263 283 0.929329
3 0 0 2 0 1 0 0 7 6 6 1
1 0 0 1 2 0 0 0 4 145 165 0.878788
1 1 0 2 1 0 0 0 12 5387 5405 0.99667
1 0 0 3 0 0 0 0 3 321 356 0.901685
0 1 0 0 0 2 0 1 10 6 6 1
1 1 0 3 0 0 0 0 3 9 9 1
2 1 0 2 0 0 1 0 8 4 4 1
2 1 0 2 0 0 0 1 6 171 171 1
1 0 0 1 0 2 0 0 13 52 70 0.742857
2 0 0 0 0 1 0 2 11 19 41 0.463415
2 1 1 0 0 0 1 1 15 30 31 0.967742
2 1 0 1 0 1 0 1 10 298 300 0.993333
3 1 0 3 0 0 0 0 8 306 306 1
2 0 0 1 0 1 0 1 9 163 229 0.71179
2 1 0 0 2 0 0 1 14 601 602 0.998339
2 1 1 0 1 1 0 0 18 2870 2887 0.994112
0 1 0 2 1 0 0 0 8 2308 2314 0.997407
1 0 0 0 3 0 0 0 17 85 104 0.817308
0 0 0 2 0 1 0 0 18 311 432 0.719907
0 0 0 2 0 1 0 0 17 383 472 0.811441
2 1 0 0 1 2 0 0 11 25 25 1
0 0 0 0 1 2 0 0 18 15 24 0.625
0 1 0 0 0 1 0 2 18 17 17 1
1 1 0 0 1 1 0 1 11 243 248 0.979839
0 0 0 0 2 0 0 1 15 730 1048 0.696565
0 1 0 0 1 0 0 2 18 77 78 0.987179
2 1 0 1 2 0 0 0 3 1 1 1
0 1 0 1 0 0 0 2 15 587 589 0.996604
1 0 1 0 0 1 1 0 11 9 9 1
0 1 0 2 0 1 0 0 11 678 682 0.994135
3 0 1 2 0 0 0 0 7 641 648 0.989198
0 0 1 1 0 0 0 1 8 138827 200097 0.693799
1 1 2 0 0 1 0 0 4 169 169 1
2 1 1 0 2 0 0 0 10 5921 5925 0.999325
0 1 0 1 1 0 0 1 8 990 990 1
1 0 1 0 0 2 0 0 10 233 288 0.809028
3 1 0 0 1 0 1 1 16 3 3 1
3 0 1 1 1 0 0 0 10 781 801 0.975031
4 1 0 0 1 1 0 1 16 2 2 1
1 1 0 1 1 0 0 1 8 1238 1249 0.991193
2 1 0 0 1 1 0 1 15 213 214 0.995327
2 0 2 1 0 0 0 0 12 31291 32178 0.972435
1 1 1 0 0 1 0 1 17 1068 1084 0.98524
2 0 0 1 0 1 0 1 15 162 237 0.683544
2 0 2 1 0 0 0 0 13 21719 22473 0.966449
2 1 0 0 2 1 0 0 9 80 80 1
1 1 1 0 0 1 0 1 16 1384 1399 0.989278
2 0 0 1 0 1 0 1 14 163 232 0.702586
1 1 0 1 0 1 1 0 18 12 12 1
0 1 2 0 0 0 0 1 10 30854 30931 0.997511
3 1 2 0 1 0 0 0 4 51 51 1
3 0 0 0 1 1 0 1 9 1 2 0.5
2 0 0 2 0 0 0 1 15 1134 1596 0.710526
1 1 0 1 1 1 0 0 16 775 783 0.989783
1 1 0 0 1 0 0 2 11 395 397 0.994962
3 1 0 1 0 1 0 1 18 234 234 1
0 0 0 0 2 0 0 1 17 290 434 0.668203
2 0 1 0 2 0 0 0 18 747 971 0.76931
4 1 1 0 1 0 0 1 16 63 63 1
4 1 0 1 0 1 0 1 13 4 4 1
1 0 0 1 0 2 0 0 15 32 43 0.744186
1 0 2 1 0 0 0 0 14 31662 33903 0.9339
0 0 0 1 1 0 0 1 11 11510 16686 0.6898
4 1 1 0 1 0 0 1 14 61 61 1
3 0 0 0 1 2 0 0 17 1 1 1
2 0 0 1 2 0 0 0 12 758 860 0.881395
0 0 0 1 0 0 1 1 14 14 26 0.538462
0 0 0 1 0 0 1 1 12 22 33 0.666667
1 1 0 1 1 1 0 0 6 52 52 1
2 1 0 0 1 0 0 2 18 163 164 0.993902
1 1 0 1 0 1 0 1 15 576 582 0.989691
1 0 0 1 1 1 0 0 9 761 880 0.864773
1 0 0 2 0 0 1 0 9 17 18 0.944444
0 1 2 0 0 1 0 0 5 811 812 0.998768
0 1 0 1 1 0 1 0 8 5 5 1
3 0 3 0 0 0 0 0 6 4270 4322 0.987969
2 1 0 3 0 0 0 0 14 2695 2699 0.998518
1 1 1 0 0 2 0 0 14 270 271 0.99631
4 1 3 0 0 0 0 0 13 318 318 1
2 0 1 0 1 1 0 0 10 1015 1142 0.888792
2 0 1 2 0 0 0 0 3 409 438 0.93379
4 1 0 0 0 1 0 2 16 1 1 1
0 0 0 1 0 0 1 1 13 20 31 0.645161
1 1 2 0 1 0 0 0 4 2202 2206 0.998187
0 1 0 3 0 0 0 0 16 1822 1826 0.997809
0 1 1 0 0 1 1 0 11 7 7 1
2 1 1 0 0 0 0 2 7 286 288 0.993056
4 1 1 1 0 1 0 0 15 41 41 1
1 0 3 0 0 0 0 0 8 377531 391366 0.964649
1 0 1 0 0 0 0 2 7 1736 2899 0.598827
0 1 0 0 2 0 0 1 18 333 336 0.991071
2 1 0 1 2 0 0 0 17 1514 1518 0.997365
1 0 0 1 2 0 0 0 6 1167 1258 0.927663
3 0 0 0 1 0 0 2 11 17 24 0.708333
1 0 0 1 2 0 0 0 9 2769 3074 0.900781
1 0 0 2 1 0 0 0 11 5412 6029 0.897661
2 0 0 3 0 0 0 0 12 1212 1291 0.938807
0 0 1 0 0 0 0 2 18 118 240 0.491667
4 1 0 1 0 0 0 2 14 7 7 1
1 1 0 0 1 1 0 1 17 181 183 0.989071
0 1 0 0 1 0 0 2 12 280 282 0.992908
0 1 0 2 1 0 0 0 5 309 309 1
3 1 0 2 0 1 0 0 17 209 209 1
1 1 0 2 0 0 0 1 12 5051 5074 0.995467
2 0 0 0 2 0 0 1 10 244 341 0.715543
3 0 1 1 0 0 0 1 10 856 1001 0.855145
3 0 1 0 1 0 0 1 11 424 509 0.833006
2 1 0 2 0 1 0 0 8 266 267 0.996255
2 1 1 0 0 1 0 1 9 908 913 0.994524
2 0 0 0 0 1 0 2 12 24 36 0.666667
0 1 1 0 1 0 0 1 2 1 1 1
2 0 1 0 0 0 0 2 15 980 1573 0.623013
0 1 1 1 0 0 1 0 13 61 62 0.983871
1 1 0 0 3 0 0 0 11 410 411 0.997567
2 0 0 0 2 1 0 0 12 66 79 0.835443
2 1 0 1 0 0 0 2 10 613 613 1
2 1 0 1 2 0 0 0 4 5 5 1
0 1 0 1 0 0 0 2 14 708 709 0.99859
1 1 0 0 3 0 0 0 4 2 2 1
0 0 0 2 0 1 0 0 16 608 743 0.818304
0 1 0 1 0 0 0 2 13 756 759 0.996047
3 1 2 1 0 0 0 0 3 1 1 1
1 1 3 0 0 0 0 0 5 71461 71616 0.997836
2 0 0 0 2 0 0 1 11 272 370 0.735135
0 0 1 1 1 0 0 0 3 43155 48794 0.884433
1 0 0 0 0 0 0 3 14 73 128 0.570313
2 1 0 0 1 1 0 1 10 131 131 1
0 0 1 1 1 0 0 0 4 98549 110635 0.890758
1 0 0 0 0 0 0 3 13 85 144 0.590278
4 1 1 1 0 1 0 0 13 44 44 1
1 0 3 0 0 0 0 0 6 630246 657690 0.958272
1 0 1 0 0 0 0 2 9 3777 6323 0.597343
0 1 0 0 2 0 0 1 16 372 375 0.992
1 0 1 0 0 0 1 1 14 20 32 0.625
2 1 0 1 0 0 0 2 7 56 56 1
1 1 0 0 2 0 0 1 13 804 807 0.996283
3 1 0 0 0 2 0 1 15 5 5 1
1 1 0 0 2 0 0 1 11 698 702 0.994302
2 1 1 0 2 0 0 0 5 181 181 1
3 1 0 1 1 0 0 1 12 823 823 1
4 1 1 0 2 0 0 0 18 79 79 1
0 0 0 0 3 0 0 0 1 0 1 0
4 1 1 1 1 0 0 0 18 272 272 1
4 1 1 1 1 0 0 0 16 114 114 1
1 0 0 1 2 0 0 0 2 5 6 0.833333
4 1 1 1 1 0 0 0 15 127 127 1
3 0 0 0 1 0 0 2 17 16 18 0.888889
0 0 1 1 0 1 0 0 5 11591 14273 0.812093
4 1 1 1 1 0 0 0 12 142 142 1
2 0 0 1 0 0 0 2 16 263 422 0.623223
0 0 0 1 0 0 1 1 9 20 30 0.666667
1 1 1 2 0 0 0 0 11 35824 35921 0.9973
1 1 0 0 2 0 0 1 14 801 809 0.990111
3 1 1 1 0 1 0 0 12 1444 1444 1
2 0 0 2 0 1 0 0 10 333 368 0.904891
3 0 1 1 0 0 0 1 14 938 1154 0.812825
1 0 0 2 1 0 0 0 14 2743 3199 0.857455
2 0 0 3 0 0 0 0 15 646 716 0.902235
0 1 0 0 1 0 0 2 17 102 102 1
1 1 0 0 1 1 0 1 10 173 174 0.994253
0 0 0 0 2 0 0 1 16 508 708 0.717514
1 0 0 1 0 1 0 1 8 299 465 0.643011
1 0 1 1 0 1 0 0 7 5358 5991 0.894342
1 0 0 1 0 1 0 1 6 97 134 0.723881
3 1 0 0 1 1 0 1 17 35 35 1
1 1 2 0 0 0 1 0 10 148 149 0.993289
1 0 0 1 1 0 0 1 5 320 466 0.686695
3 1 1 2 0 0 0 0 12 7262 7263 0.999862
2 0 0 0 1 1 0 1 9 46 67 0.686567
2 1 1 0 1 0 0 1 11 10171 10198 0.997352
0 0 2 0 0 0 1 0 13 221 245 0.902041
0 1 2 0 1 0 0 0 1 4 4 1
4 1 3 0 0 0 0 0 12 362 362 1
2 1 1 0 1 0 0 1 12 10824 10843 0.998248
0 0 2 0 0 0 1 0 12 320 341 0.938416
4 1 3 0 0 0 0 0 11 392 392 1
2 1 1 0 1 0 0 1 13 10547 10573 0.997541
0 0 2 0 0 0 1 0 11 393 443 0.887133
2 0 1 0 0 1 0 1 16 333 500 0.666
4 1 3 0 0 0 0 0 10 411 411 1
4 1 3 0 0 0 0 0 6 100 100 1
0 0 0 1 1 1 0 0 7 2025 2526 0.801663
0 1 1 1 1 0 0 0 15 12647 12669 0.998263
0 0 2 0 0 1 0 0 1 238 378 0.62963
1 0 0 0 0 0 0 3 17 15 24 0.625
2 1 1 2 0 0 0 0 4 523 523 1
1 1 1 0 0 2 0 0 13 292 294 0.993197
3 0 1 0 2 0 0 0 16 121 141 0.858156
3 1 0 2 0 0 0 1 13 1136 1136 1
4 1 1 0 2 0 0 0 13 43 43 1
3 1 0 1 1 0 0 1 17 775 775 1
1 0 0 1 0 1 0 1 11 544 827 0.657799
2 1 0 0 2 0 0 1 10 402 404 0.99505
3 0 0 0 1 2 0 0 13 1 1 1
0 0 0 1 0 0 1 1 18 2 6 0.333333
2 1 0 0 2 0 0 1 9 295 296 0.996622
2 0 0 0 2 0 0 1 8 142 181 0.78453
2 1 0 0 1 0 0 2 17 201 201 1
1 1 0 1 1 1 0 0 4 8 8 1
2 1 0 0 1 0 0 2 16 228 228 1
1 1 0 1 0 1 0 1 18 635 641 0.99064
2 0 1 1 0 0 1 0 14 14 15 0.933333
1 0 0 0 2 0 0 1 6 126 200 0.63
0 1 0 0 1 1 0 1 15 136 136 1
2 0 0 2 1 0 0 0 4 71 72 0.986111
2 1 0 1 1 0 0 1 7 330 330 1
1 0 0 0 0 3 0 0 6 1 1 1
1 0 0 2 0 1 0 0 14 459 573 0.801047
1 1 1 0 1 1 0 0 10 2714 2732 0.993411
2 0 1 0 0 0 0 2 7 363 579 0.626943
3 0 0 1 0 0 0 2 12 74 95 0.778947
4 1 1 1 1 0 0 0 11 125 125 1
2 1 1 1 0 0 0 1 12 26681 26721 0.998503
3 0 1 2 0 0 0 0 13 538 554 0.971119
2 1 0 0 2 0 0 1 18 729 736 0.990489
0 1 1 1 0 0 0 1 9 15000 15034 0.997738
2 0 0 0 2 0 0 1 18 183 264 0.693182
1 1 3 0 0 0 0 0 7 131862 132295 0.996727
2 0 0 0 2 0 0 1 17 116 180 0.644444
0 1 1 1 0 0 0 1 8 10858 10881 0.997886
2 0 0 0 2 0 0 1 15 207 280 0.739286
1 1 3 0 0 0 0 0 6 107057 107394 0.996862
2 0 0 0 2 0 0 1 14 212 317 0.66877
3 1 0 3 0 0 0 0 9 505 505 1
4 1 1 0 0 0 1 1 17 1 1 1
1 0 1 0 0 1 0 1 13 1415 2139 0.661524
0 0 0 2 0 0 0 1 13 9882 13717 0.72042
3 0 1 1 0 0 0 1 6 124 132 0.939394
2 0 1 0 0 0 1 1 18 8 12 0.666667
2 1 0 0 0 2 0 1 12 19 19 1
0 0 0 0 1 0 0 2 16 231 383 0.603133
4 1 0 1 2 0 0 0 15 10 10 1
2 0 2 0 1 0 0 0 3 467 504 0.926587
1 0 0 0 1 1 1 0 18 2 3 0.666667
3 1 0 0 2 1 0 0 7 4 4 1
0 1 0 2 1 0 0 0 14 2932 2946 0.995248
3 1 0 2 1 0 0 0 10 870 870 1
2 0 1 0 0 1 0 1 18 262 432 0.606481
3 0 1 0 1 0 0 1 16 356 450 0.791111
2 0 1 0 0 1 0 1 15 455 646 0.704334
1 0 0 0 1 1 0 1 14 135 212 0.636792
3 0 1 0 1 0 0 1 14 451 543 0.830571
2 0 1 0 0 1 0 1 13 634 920 0.68913
1 0 0 0 1 1 0 1 11 203 306 0.663399
3 0 1 0 1 0 0 1 13 485 583 0.831904
1 0 0 0 1 1 0 1 12 216 338 0.639053
3 0 1 0 1 0 0 1 12 471 563 0.83659
0 1 0 1 2 0 0 0 5 83 84 0.988095
1 1 2 0 0 0 0 1 3 139 139 1
4 1 0 3 0 0 0 0 16 16 16 1
1 0 1 1 0 0 0 1 2 122 186 0.655914
3 0 1 0 1 0 0 1 18 465 569 0.817223
0 1 0 2 0 1 0 0 12 663 664 0.998494
3 1 1 1 1 0 0 0 15 5692 5693 0.999824
0 1 0 0 2 0 0 1 6 36 36 1
3 1 1 0 0 0 1 1 16 13 13 1
0 1 0 1 1 1 0 0 15 544 545 0.998165
0 1 0 0 2 1 0 0 9 93 93 1
3 0 0 2 0 1 0 0 11 21 22 0.954545
0 0 2 1 0 0 0 0 3 2289388 2453288 0.933192
3 1 0 2 0 1 0 0 10 151 151 1
3 0 0 2 0 1 0 0 10 10 11 0.909091
1 0 0 1 1 1 0 0 7 410 467 0.877944
3 0 1 0 2 0 0 0 17 88 101 0.871287
3 1 0 2 0 0 0 1 12 1065 1065 1
1 0 0 1 0 1 0 1 9 440 684 0.643275
0 1 1 1 0 0 1 0 12 71 73 0.972603
1 1 0 1 0 1 0 1 9 303 307 0.986971
2 0 0 0 3 0 0 0 18 85 98 0.867347
3 1 1 0 0 0 0 2 11 755 756 0.998677
3 1 0 1 0 2 0 0 17 19 19 1
0 1 1 1 1 0 0 0 9 22205 22241 0.998381
2 0 1 0 2 0 0 0 8 2787 2907 0.95872
2 0 1 0 0 1 1 0 12 4 5 0.8
3 0 0 3 0 0 0 0 6 21 22 0.954545
0 0 0 0 3 0 0 0 6 697 841 0.828775
0 0 0 0 3 0 0 0 5 348 439 0.792711
0 1 0 1 0 1 0 1 17 228 229 0.995633
0 0 1 0 1 1 0 0 15 1986 2381 0.834103
1 1 0 0 3 0 0 0 18 570 574 0.993031
1 0 0 1 2 0 0 0 18 638 899 0.709677
0 1 0 1 0 1 0 1 10 310 311 0.996785
4 1 1 0 2 0 0 0 9 15 15 1
2 1 0 0 1 0 0 2 15 268 268 1
0 1 0 1 0 1 0 1 11 386 386 1
4 1 1 0 2 0 0 0 8 9 9 1
2 1 0 0 1 0 0 2 14 338 338 1
1 0 0 1 0 1 0 1 18 158 275 0.574545
1 0 0 1 0 1 0 1 17 169 268 0.630597
1 0 0 1 0 1 0 1 16 222 352 0.630682
1 0 0 1 0 1 0 1 15 295 449 0.657016
3 0 1 0 0 2 0 0 18 8 8 1
1 0 0 1 0 1 0 1 13 449 713 0.629734
2 1 0 3 0 0 0 0 9 2206 2206 1
0 1 1 0 0 1 0 1 9 733 739 0.991881
0 0 0 0 1 1 0 1 8 407 696 0.58477
0 0 0 2 1 0 0 0 2 588 717 0.820084
3 1 1 0 0 2 0 0 9 27 27 1
3 1 1 0 2 0 0 0 10 1382 1382 1
3 0 1 1 0 0 0 1 11 956 1132 0.844523
4 1 2 0 1 0 0 0 12 211 211 1
2 0 0 3 0 0 0 0 6 854 880 0.970455
3 1 1 0 1 1 0 0 15 629 629 1
2 0 0 2 0 1 0 0 12 310 349 0.888252
0 0 0 0 1 2 0 0 9 62 86 0.72093
1 1 0 0 1 0 1 1 12 4 4 1
1 1 0 1 0 2 0 0 6 9 9 1
0 0 0 0 2 1 0 0 13 334 410 0.814634
1 1 1 0 0 1 0 1 9 1136 1143 0.993876
0 1 0 1 0 1 0 1 13 403 403 1
1 1 0 0 1 0 1 1 11 4 4 1
1 1 1 0 0 1 0 1 6 105 106 0.990566
0 0 0 0 2 1 0 0 14 237 289 0.820069
0 1 0 1 0 1 0 1 12 386 388 0.994845
0 0 1 0 0 0 1 1 11 71 121 0.586777
2 1 1 0 1 0 0 1 14 9535 9557 0.997698
0 0 2 0 0 0 1 0 10 536 602 0.890365
1 1 0 1 0 0 0 2 10 825 831 0.99278
4 1 3 0 0 0 0 0 9 386 386 1
4 1 3 0 0 0 0 0 8 310 310 1
0 0 2 0 0 0 1 0 8 680 752 0.904255
4 1 3 0 0 0 0 0 7 211 211 1
2 0 0 2 0 0 0 1 12 1761 2355 0.747771
1 1 0 1 1 1 0 0 17 737 747 0.986613
1 1 0 1 0 1 1 0 17 4 4 1
0 1 2 0 0 0 0 1 11 31108 31180 0.997691
3 1 2 0 1 0 0 0 5 389 389 1
0 0 1 0 1 1 0 0 3 398 547 0.727605
0 1 1 0 1 0 0 1 4 75 76 0.986842
0 1 1 1 0 0 1 0 11 61 61 1
1 1 0 0 3 0 0 0 17 286 287 0.996516
0 0 0 2 0 1 0 0 14 1237 1468 0.842643
0 1 0 1 0 0 0 2 10 510 510 1
1 1 0 0 3 0 0 0 9 258 259 0.996139
0 1 0 0 1 0 0 2 9 102 102 1
2 1 1 1 0 0 1 0 16 91 91 1
0 1 1 1 1 0 0 0 4 1028 1031 0.99709
3 0 1 1 0 1 0 0 18 193 232 0.831897
2 0 0 0 0 2 0 1 17 4 6 0.666667
0 0 0 2 0 0 1 0 14 18 25 0.72
1 1 1 0 0 0 0 2 6 136 136 1
0 0 0 1 0 0 0 2 4 106 225 0.471111
2 1 1 0 2 0 0 0 6 667 668 0.998503
1 1 0 0 2 0 0 1 12 760 763 0.996068
0 0 1 1 0 0 1 0 5 104 131 0.793893
1 0 3 0 0 0 0 0 4 653002 692280 0.943263
0 1 0 0 2 0 0 1 14 528 529 0.99811
0 0 0 0 0 3 0 0 17 1 1 1
2 1 0 2 0 0 1 0 15 9 9 1
3 1 0 1 0 0 0 2 10 160 160 1
0 0 1 0 0 1 1 0 7 16 21 0.761905
0 0 0 1 0 1 0 1 5 165 314 0.525478
3 0 1 1 1 0 0 0 9 750 760 0.986842
0 0 3 0 0 0 0 0 18 1003 1646 0.609356
0 0 2 0 0 1 0 0 8 55612 64229 0.865839
3 1 0 3 0 0 0 0 12 763 763 1
0 1 1 0 1 0 0 1 15 5322 5338 0.997003
3 0 1 0 0 1 0 1 12 91 114 0.798246
3 0 1 2 0 0 0 0 11 776 790 0.982278
4 1 0 1 1 0 0 1 9 3 3 1
3 0 2 0 0 0 0 1 15 1296 1572 0.824427
3 0 3 0 0 0 0 0 14 959 962 0.996881
3 1 0 0 2 0 0 1 16 156 156 1
3 0 3 0 0 0 0 0 13 1411 1416 0.996469
0 0 1 2 0 0 0 0 5 395332 428156 0.923336
1 1 1 1 1 0 0 0 4 602 602 1
0 0 0 0 0 0 1 2 13 4 5 0.8
1 1 0 2 0 0 0 1 4 11 11 1
1 1 0 1 1 0 0 1 9 2162 2185 0.989474
2 1 1 1 0 1 0 0 3 2 2 1
1 0 0 1 2 0 0 0 10 2654 2989 0.887922
2 1 0 1 2 0 0 0 8 766 766 1
0 1 0 1 0 0 0 2 18 127 127 1
2 0 0 2 1 0 0 0 11 1875 2023 0.926841
2 0 0 0 1 2 0 0 11 17 19 0.894737
2 1 0 1 0 0 0 2 18 467 472 0.989407
2 0 0 0 2 1 0 0 13 55 72 0.763889
2 1 0 1 0 0 0 2 13 988 990 0.99798
0 0 1 2 0 0 0 0 4 313982 340704 0.921568
1 1 1 1 1 0 0 0 5 2739 2742 0.998906
2 0 1 0 1 0 0 1 13 4068 5607 0.725522
1 1 0 0 1 0 0 2 18 183 186 0.983871
2 1 0 0 3 0 0 0 9 161 161 1
2 1 3 0 0 0 0 0 5 29711 29731 0.999327
1 0 0 0 1 0 0 2 17 96 176 0.545455
3 0 0 0 0 1 0 2 11 3 4 0.75
1 1 0 0 1 0 0 2 13 452 459 0.984749
1 1 1 0 1 1 0 0 11 2993 3003 0.99667
2 0 1 0 0 0 0 2 8 799 1232 0.648539
2 1 0 1 0 0 1 1 10 9 9 1
2 0 0 0 1 0 0 2 16 102 160 0.6375
1 1 0 0 1 0 0 2 8 91 93 0.978495
3 0 1 0 2 0 0 0 6 19 19 1
2 0 2 1 0 0 0 0 11 43652 44657 0.977495
2 0 0 1 0 1 0 1 16 140 201 0.696517
1 1 1 0 0 1 0 1 18 1233 1245 0.990361
3 0 1 1 0 0 0 1 12 975 1177 0.828377
1 0 0 1 0 2 0 0 7 31 37 0.837838
4 1 1 0 0 1 0 1 9 3 3 1
3 0 1 1 0 0 0 1 17 722 870 0.829885
2 0 0 2 0 1 0 0 13 274 306 0.895425
2 1 0 2 0 0 0 1 12 4026 4029 0.999255
1 1 0 0 0 0 0 3 17 26 27 0.962963
3 1 1 0 0 1 1 0 17 2 2 1
3 1 2 0 0 0 1 0 9 30 30 1
4 1 2 0 1 0 0 0 17 134 134 1
3 1 1 1 0 0 1 0 13 36 36 1
1 1 1 0 0 2 0 0 10 251 251 1
2 0 0 1 0 0 0 2 14 447 697 0.64132
3 1 0 0 2 1 0 0 18 180 180 1
3 0 0 1 2 0 0 0 17 48 53 0.90566
3 0 0 1 2 0 0 0 16 51 61 0.836066
3 0 0 1 2 0 0 0 14 57 64 0.890625
2 1 2 0 0 1 0 0 5 318 318 1
2 1 0 1 1 1 0 0 14 681 681 1
2 1 0 1 1 1 0 0 13 680 682 0.997067
0 1 0 2 0 0 1 0 9 8 8 1
1 0 1 2 0 0 0 0 11 38537 40819 0.944095
3 0 0 1 2 0 0 0 12 51 58 0.87931
2 1 0 1 1 1 0 0 12 692 692 1
1 0 1 2 0 0 0 0 12 28191 30151 0.934994
3 0 0 1 2 0 0 0 11 48 51 0.941176
0 1 0 2 0 0 1 0 7 1 1 1
2 1 1 2 0 0 0 0 10 28037 28058 0.999252
3 0 0 1 2 0 0 0 10 49 51 0.960784
2 1 3 0 0 0 0 0 10 101023 101107 0.999169
2 1 1 0 0 0 1 1 14 26 26 1
2 1 0 1 0 1 0 1 11 428 429 0.997669
3 0 0 1 2 0 0 0 9 35 36 0.972222
0 1 1 0 0 2 0 0 9 137 137 1
2 1 0 1 2 0 0 0 15 1746 1749 0.998285
3 1 0 0 3 0 0 0 9 32 32 1
0 1 0 0 2 1 0 0 7 30 30 1
2 1 0 1 2 0 0 0 14 1876 1880 0.997872
1 1 1 2 0 0 0 0 9 34155 34274 0.996528
2 1 0 1 2 0 0 0 12 2081 2084 0.99856
2 1 0 1 2 0 0 0 11 1947 1950 0.998462
1 0 0 0 3 0 0 0 11 321 384 0.835938
2 1 1 1 0 1 0 0 8 2126 2128 0.99906
4 1 1 0 0 0 0 2 14 24 24 1
1 0 0 0 3 0 0 0 10 355 412 0.86165
1 0 0 0 0 1 0 2 7 11 25 0.44
2 0 0 1 2 0 0 0 9 874 942 0.927813
3 0 3 0 0 0 0 0 16 421 427 0.985948
1 0 0 0 0 1 0 2 8 29 43 0.674419
2 0 0 1 2 0 0 0 8 655 695 0.942446
1 0 0 3 0 0 0 0 17 910 1104 0.824275
4 1 2 0 0 0 0 1 16 233 233 1
2 0 0 0 2 1 0 0 16 45 58 0.775862
2 1 0 1 1 1 0 0 11 626 627 0.998405
2 0 1 0 0 1 0 1 6 87 116 0.75
2 1 1 0 2 0 0 0 12 6625 6641 0.997591
1 0 0 0 2 1 0 0 12 131 169 0.775148
2 0 0 1 1 1 0 0 9 240 271 0.885609
1 0 0 1 1 1 0 0 8 610 708 0.861582
1 0 0 1 2 0 0 0 7 1965 2167 0.906784
0 1 0 1 0 1 0 1 18 283 285 0.992982
0 0 0 0 1 0 0 2 6 215 393 0.547074
3 0 2 0 0 0 0 1 7 668 740 0.902703
2 0 0 0 2 0 0 1 7 63 97 0.649485
0 1 0 0 2 1 0 0 10 130 131 0.992366
2 0 1 0 1 1 0 0 7 460 490 0.938776
3 1 1 0 2 0 0 0 18 2507 2509 0.999203
3 0 1 0 0 0 0 2 10 128 186 0.688172
0 0 0 0 0 0 0 3 12 179 334 0.535928
0 0 0 2 0 1 0 0 15 831 1024 0.811523
0 1 0 1 0 0 0 2 12 731 732 0.998634
4 1 0 0 2 0 0 1 12 5 5 1
0 0 0 1 1 0 0 1 6 4648 7520 0.618085
1 0 1 0 1 1 0 0 16 623 834 0.747002
1 0 0 0 2 1 0 0 3 1 1 1
2 1 1 0 0 2 0 0 17 179 180 0.994444
1 1 0 0 0 1 1 1 17 1 1 1
2 1 1 1 0 0 1 0 18 173 173 1
4 1 1 0 1 1 0 0 10 9 9 1
0 0 0 0 1 1 1 0 9 2 3 0.666667
1 0 0 1 1 1 0 0 17 214 268 0.798507
0 0 0 1 2 0 0 0 18 724 983 0.736521
2 0 1 0 0 1 1 0 9 5 5 1
0 0 0 0 1 1 1 0 8 3 3 1
2 0 2 0 1 0 0 0 9 29714 30745 0.966466
4 1 1 1 0 1 0 0 7 5 5 1
0 1 0 1 0 2 0 0 9 42 42 1
3 1 1 1 0 0 1 0 6 1 1 1
4 1 0 1 2 0 0 0 16 18 18 1
2 0 2 0 1 0 0 0 2 4 4 1
4 1 1 1 0 1 0 0 6 2 2 1
0 1 0 1 0 2 0 0 8 20 20 1
3 1 1 1 0 0 1 0 5 1 1 1
1 1 0 1 0 1 1 0 11 6 6 1
0 1 2 0 0 1 0 0 18 1418 1426 0.99439
2 0 1 1 0 1 0 0 8 1926 2043 0.942731
0 0 0 1 0 1 1 0 6 1 3 0.333333
1 1 2 0 0 0 0 1 8 30788 30919 0.995763
2 1 3 0 0 0 0 0 8 102384 102470 0.999161
1 0 0 0 1 0 0 2 14 340 585 0.581197
0 0 0 0 1 0 1 1 7 4 6 0.666667
0 1 2 0 1 0 0 0 12 29954 30021 0.997768
0 1 0 0 0 2 0 1 13 13 13 1
3 1 1 0 0 0 1 1 17 15 15 1
0 1 0 1 1 1 0 0 18 636 641 0.9922
4 1 0 2 0 0 1 0 14 2 2 1
3 1 0 0 1 0 0 2 15 85 85 1
0 1 1 0 1 1 0 0 15 1231 1234 0.997569
3 1 1 1 1 0 0 0 16 5124 5124 1
0 1 0 0 2 0 0 1 9 303 303 1
2 1 1 0 0 1 1 0 10 8 8 1
0 0 0 0 2 0 0 1 8 1715 2696 0.636128
0 0 0 0 2 0 0 1 7 1206 1948 0.619097
3 1 0 2 0 0 0 1 10 694 694 1
3 0 1 0 2 0 0 0 15 140 159 0.880503
2 0 1 0 1 1 0 0 3 2 2 1
4 1 0 1 1 0 0 1 17 20 20 1
3 1 1 0 2 0 0 0 14 1602 1603 0.999376
3 1 1 0 2 0 0 0 9 1045 1046 0.999044
3 1 1 0 0 2 0 0 6 2 2 1
1 0 0 0 2 0 0 1 10 737 1084 0.679889
3 1 0 2 1 0 0 0 14 1135 1135 1
0 1 2 1 0 0 0 0 2 1519 1519 1
2 1 0 2 0 0 1 0 9 5 5 1
2 1 0 2 0 0 0 1 7 523 525 0.99619
2 0 1 1 0 0 0 1 4 325 381 0.853018
2 1 0 1 1 1 0 0 7 112 112 1
2 1 0 1 1 1 0 0 8 210 210 1
1 0 0 1 0 0 0 2 18 150 288 0.520833
0 0 0 1 2 0 0 0 1 13 14 0.928571
1 0 0 0 0 2 0 1 14 15 24 0.625
0 1 3 0 0 0 0 0 18 2046 2050 0.998049
3 0 0 1 0 2 0 0 14 0 1 0
3 0 1 1 0 1 0 0 9 109 114 0.95614
3 0 1 1 1 0 0 0 7 400 406 0.985222
0 1 2 0 0 1 0 0 12 6001 6012 0.99817
2 0 1 1 0 1 0 0 6 690 730 0.945205
0 0 0 0 2 0 0 1 18 188 322 0.583851
1 0 0 1 0 2 0 0 9 50 64 0.78125
0 0 1 1 0 0 1 0 8 292 341 0.856305
2 0 1 0 2 0 0 0 15 1130 1338 0.844544
2 0 0 0 2 1 0 0 11 66 77 0.857143
2 1 0 1 0 0 0 2 11 851 853 0.997655
2 1 2 0 0 0 0 1 4 300 300 1
1 0 0 0 1 0 0 2 7 102 181 0.563536
1 1 0 0 3 0 0 0 14 383 385 0.994805
0 0 0 2 0 1 0 0 13 1700 2002 0.849151
2 0 2 0 0 1 0 0 17 619 739 0.837618
2 0 2 0 0 1 0 0 18 639 856 0.746495
1 1 0 0 2 0 0 1 16 647 655 0.987786
0 0 0 1 0 0 1 1 7 7 11 0.636364
0 0 0 0 2 0 0 1 2 3 8 0.375
3 0 2 0 0 0 0 1 14 1454 1762 0.825199
0 0 1 0 0 1 0 1 4 382 702 0.54416
0 1 0 2 0 0 1 0 13 10 10 1
1 0 3 0 0 0 0 0 14 21349 22152 0.96375
0 1 0 1 1 1 0 0 12 605 605 1
2 0 1 0 0 1 0 1 11 734 1023 0.717498
2 0 1 0 1 1 0 0 18 354 484 0.731405
0 0 0 0 0 1 0 2 6 20 42 0.47619
3 1 1 2 0 0 0 0 5 276 276 1
3 0 0 1 0 0 0 2 9 21 30 0.7
1 0 1 0 1 0 1 0 10 38 47 0.808511
2 1 1 0 0 2 0 0 14 219 219 1
2 0 1 0 0 1 0 1 12 756 1067 0.708529
2 0 1 0 1 1 0 0 15 484 600 0.806667
1 0 1 0 1 0 1 0 16 12 14 0.857143
3 0 0 0 2 1 0 0 11 7 8 0.875
3 0 0 1 0 0 0 2 7 6 9 0.666667
2 1 1 0 0 2 0 0 12 243 244 0.995902
1 1 0 0 1 2 0 0 14 34 34 1
0 0 0 0 2 1 0 0 6 229 301 0.760797
4 1 3 0 0 0 0 0 16 167 167 1
2 0 1 0 1 1 0 0 13 728 874 0.832952
4 1 2 1 0 0 0 0 17 195 195 1
0 0 0 0 1 1 1 0 10 1 1 1
4 1 2 0 1 0 0 0 15 174 174 1
3 1 1 1 0 0 1 0 15 30 30 1
2 0 0 1 0 0 0 2 12 527 843 0.625148
0 1 1 0 1 0 0 1 3 15 15 1
0 1 1 1 0 0 1 0 14 60 60 1
1 1 0 0 3 0 0 0 16 297 301 0.986711
1 0 0 0 1 0 0 2 9 294 517 0.568665
3 1 2 0 0 0 0 1 7 2256 2256 1
1 0 0 1 1 1 0 0 16 251 314 0.799363
0 1 1 1 0 1 0 0 6 851 853 0.997655
1 0 1 1 0 1 0 0 18 834 1135 0.734802
2 0 2 0 0 1 0 0 12 2963 3284 0.902253
3 0 0 1 1 0 0 1 10 80 97 0.824742
2 1 0 1 1 0 0 1 11 2730 2734 0.998537
0 0 1 0 0 0 1 1 16 12 17 0.705882
2 1 0 0 3 0 0 0 12 326 328 0.993902
2 0 1 0 2 0 0 0 12 2450 2740 0.894161
2 0 2 0 0 0 0 1 8 21453 25696 0.834877
2 1 0 1 1 1 0 0 6 31 31 1
1 0 0 0 0 1 0 2 6 5 7 0.714286
3 0 3 0 0 0 0 0 18 333 363 0.917355
1 0 0 0 1 1 0 1 13 192 288 0.666667
3 0 1 0 1 0 0 1 15 393 524 0.75
0 1 0 2 0 1 0 0 16 471 473 0.995772
0 1 0 2 0 1 0 0 15 522 523 0.998088
1 0 1 0 1 0 1 0 5 8 9 0.888889
1 1 3 0 0 0 0 0 10 118463 118762 0.997482
2 0 0 0 0 1 0 2 18 14 18 0.777778
1 0 1 0 1 0 1 0 4 2 2 1
2 0 0 0 0 1 0 2 17 9 14 0.642857
0 0 0 1 1 0 0 1 3 249 445 0.559551
4 1 3 0 0 0 0 0 14 266 266 1
1 0 1 1 1 0 0 0 3 2336 2587 0.902976
2 0 0 1 0 0 0 2 11 541 809 0.668727
2 0 0 1 0 0 0 2 10 465 726 0.640496
0 1 0 1 1 0 0 1 6 179 180 0.994444
2 0 1 0 1 0 0 1 18 1349 2069 0.652006
4 1 1 0 0 0 0 2 8 1 1 1
0 1 0 3 0 0 0 0 10 2434 2440 0.997541
0 1 0 1 0 0 0 2 4 1 1 1
3 1 0 1 0 2 0 0 15 13 13 1
1 0 1 1 0 1 0 0 3 123 145 0.848276
2 0 1 0 2 0 0 0 6 1072 1118 0.958855
0 1 0 1 2 0 0 0 14 1445 1450 0.996552
3 1 0 1 0 2 0 0 14 12 12 1
1 0 1 1 0 1 0 0 4 558 647 0.862442
2 0 1 0 2 0 0 0 7 1978 2071 0.955094
0 1 0 1 2 0 0 0 13 1594 1600 0.99625
1 1 0 3 0 0 0 0 5 321 322 0.996894
2 0 1 1 0 0 0 1 18 2914 4398 0.662574
0 1 0 0 0 2 0 1 12 15 15 1
1 0 1 1 1 0 0 0 11 35873 39146 0.91639
1 1 0 0 0 1 0 2 13 47 47 1
3 1 0 0 0 2 0 1 9 2 2 1
0 0 2 0 0 1 0 0 18 725 1023 0.7087
1 1 0 0 1 0 0 2 12 418 422 0.990521
2 0 0 1 0 0 0 2 13 477 781 0.610755
1 0 0 3 0 0 0 0 4 1145 1211 0.9455
0 1 0 1 0 0 0 2 16 467 468 0.997863
0 1 2 0 0 0 1 0 7 34 34 1
2 1 2 0 1 0 0 0 3 57 57 1
3 0 2 0 1 0 0 0 6 620 633 0.979463
2 1 0 0 0 0 0 3 7 3 3 1
0 1 0 1 1 0 0 1 10 2058 2063 0.997576
2 1 1 1 0 0 0 1 6 1990 1993 0.998495
1 1 1 2 0 0 0 0 4 1764 1766 0.998867
1 0 1 0 0 0 1 1 15 20 25 0.8
0 1 0 1 0 0 1 1 16 9 9 1
2 0 0 2 0 0 0 1 5 103 131 0.78626
4 1 2 1 0 0 0 0 16 232 232 1
1 0 0 1 1 0 0 1 9 3412 4886 0.698322
1 1 2 0 0 0 1 0 14 126 126 1
1 0 0 1 0 0 0 2 6 151 271 0.557196
1 1 0 0 3 0 0 0 13 403 403 1
2 0 0 1 0 1 0 1 18 161 247 0.651822
4 1 2 1 0 0 0 0 15 258 258 1
1 1 2 0 0 0 1 0 13 150 150 1
0 0 1 1 0 0 1 0 14 115 129 0.891473
0 0 0 2 0 0 0 1 17 1808 2698 0.670126
2 0 0 2 0 0 0 1 7 719 896 0.802455
3 1 0 2 1 0 0 0 6 58 58 1
4 1 2 1 0 0 0 0 14 295 295 1
0 0 0 0 2 0 1 0 13 6 6 1
3 1 0 0 1 1 0 1 15 45 45 1
1 0 0 1 1 0 0 1 7 1742 2529 0.68881
1 1 2 0 0 0 1 0 12 168 169 0.994083
0 0 1 1 0 0 1 0 13 150 163 0.920245
0 0 1 1 0 0 0 1 1 645 1043 0.618408
0 0 0 2 0 0 0 1 18 809 1404 0.576211
2 0 0 2 0 0 0 1 6 325 399 0.814536
4 1 2 1 0 0 0 0 13 342 342 1
0 0 0 0 2 0 1 0 12 6 9 0.666667
3 1 0 0 1 1 0 1 14 48 48 1
1 1 2 0 0 0 1 0 11 163 163 1
0 0 1 1 0 0 1 0 12 195 230 0.847826
0 0 1 1 0 0 1 0 11 261 291 0.896907
1 0 0 2 0 0 0 1 16 1816 2681 0.677359
1 1 2 0 0 0 1 0 9 111 112 0.991071
0 0 1 1 0 0 1 0 10 302 341 0.88563
4 1 2 0 0 1 0 0 16 56 56 1
4 1 2 1 0 0 0 0 10 375 375 1
1 1 2 0 0 0 1 0 8 79 79 1
1 0 1 0 1 0 0 1 11 13068 18458 0.707986
0 0 1 1 0 0 1 0 9 297 333 0.891892
1 1 0 1 0 0 0 2 6 39 40 0.975
4 1 2 1 0 0 0 0 9 279 279 1
1 0 0 1 0 1 0 1 3 2 2 1
1 0 0 2 0 0 0 1 18 937 1560 0.600641
1 1 2 0 0 0 1 0 7 40 40 1
1 1 0 1 0 0 0 2 5 4 4 1
4 1 2 1 0 0 0 0 8 194 194 1
1 1 0 1 0 0 0 2 8 265 266 0.996241
4 1 2 1 0 0 0 0 7 117 117 1
3 0 0 1 1 0 0 1 16 141 171 0.824561
0 1 1 0 1 0 1 0 17 19 19 1
0 1 0 1 1 1 0 0 7 172 172 1
1 0 2 0 0 0 1 0 5 32 36 0.888889
2 0 1 0 1 1 0 0 9 942 1033 0.911907
2 1 0 3 0 0 0 0 7 955 957 0.99791
3 1 1 0 1 0 0 1 6 80 80 1
3 0 0 2 0 1 0 0 15 21 22 0.954545
2 0 0 2 0 1 0 0 9 282 309 0.912621
1 1 0 3 0 0 0 0 8 2473 2483 0.995973
3 0 1 2 0 0 0 0 16 315 349 0.902579
2 1 0 0 2 0 0 1 17 434 434 1
4 1 1 1 1 0 0 0 14 129 129 1
4 1 1 1 1 0 0 0 13 132 132 1
0 0 0 1 0 2 0 0 6 66 99 0.666667
0 1 0 0 2 1 0 0 15 129 130 0.992308
1 0 1 0 0 0 1 1 11 28 38 0.736842
3 1 2 0 0 0 0 1 4 15 15 1
3 1 1 0 1 1 0 0 10 471 471 1
2 1 1 0 1 1 0 0 15 1962 1963 0.999491
3 1 0 1 2 0 0 0 13 528 528 1
4 1 0 1 1 0 0 1 10 6 6 1
3 0 1 0 0 0 0 2 11 155 213 0.7277
0 1 0 0 2 1 0 0 13 150 150 1
2 0 1 0 0 1 0 1 14 547 784 0.697704
2 0 1 0 1 1 0 0 17 252 318 0.792453
3 0 1 0 1 1 0 0 5 1 1 1
0 0 0 0 3 0 0 0 10 1354 1619 0.836319
1 1 0 0 0 1 0 2 12 48 48 1
0 0 0 0 0 0 0 3 8 78 174 0.448276
1 0 1 0 0 1 0 1 3 3 11 0.272727
0 1 1 0 1 0 0 1 7 2102 2105 0.998575
0 1 0 0 3 0 0 0 4 5 5 1
2 1 0 2 1 0 0 0 17 3351 3360 0.997321
2 0 0 0 2 1 0 0 14 54 66 0.818182
2 1 0 1 0 0 0 2 12 958 965 0.992746
1 1 0 0 1 0 0 2 9 172 172 1
2 1 2 1 0 0 0 0 15 43014 43070 0.9987
1 1 1 0 1 0 0 1 12 13649 13718 0.99497
0 1 0 3 0 0 0 0 8 1982 1984 0.998992
1 1 0 1 1 0 1 0 16 28 28 1
1 1 1 0 0 1 0 1 11 1957 1973 0.991891
3 1 1 0 0 1 0 1 16 418 418 1
3 0 2 0 0 1 0 0 11 297 328 0.905488
4 1 1 1 0 1 0 0 12 39 39 1
1 0 3 0 0 0 0 0 7 508901 529269 0.961517
1 0 1 0 1 0 0 1 10 13991 19340 0.723423
0 1 0 0 2 0 0 1 17 317 318 0.996855
1 0 1 0 2 0 0 0 18 1035 1448 0.714779
0 0 0 0 0 2 0 1 13 38 48 0.791667
3 1 2 0 0 1 0 0 11 2230 2230 1
2 0 0 0 2 0 0 1 9 203 276 0.735507
0 0 1 0 0 2 0 0 6 301 411 0.73236
0 0 1 0 0 2 0 0 7 504 639 0.788732
3 1 0 1 0 0 1 1 17 3 3 1
2 0 1 0 0 0 1 1 17 8 12 0.666667
2 1 0 0 0 2 0 1 11 11 11 1
1 1 0 2 0 1 0 0 16 874 882 0.99093
0 0 0 0 1 0 0 2 15 393 682 0.576246
4 1 2 0 0 1 0 0 9 28 28 1
0 0 0 2 0 0 0 1 14 7196 9890 0.727604
1 0 1 0 0 1 0 1 10 1947 2852 0.682679
3 0 1 1 0 0 0 1 7 296 323 0.916409
2 1 0 2 0 1 0 0 17 639 641 0.99688
2 0 0 2 0 0 1 0 7 3 3 1
1 0 1 0 0 2 0 0 11 230 273 0.842491
3 0 1 1 1 0 0 0 15 450 513 0.877193
1 0 3 0 0 0 0 0 10 171083 176341 0.970183
3 1 1 0 0 0 1 1 11 10 10 1
3 1 0 0 1 0 1 1 12 2 2 1
2 1 0 1 0 2 0 0 9 28 28 1
3 0 1 1 1 0 0 0 14 530 588 0.901361
0 1 0 3 0 0 0 0 13 2221 2223 0.9991
1 1 2 0 0 1 0 0 6 1922 1929 0.996371
2 0 0 1 2 0 0 0 4 16 18 0.888889
2 1 3 0 0 0 0 0 3 1778 1778 1
2 0 0 1 0 0 0 2 9 316 481 0.656965
0 0 0 0 0 0 1 2 16 1 1 1
4 1 0 0 1 1 0 1 14 3 3 1
1 1 0 2 0 0 0 1 7 821 831 0.987966
1 1 0 0 0 0 0 3 15 60 60 1
2 1 0 2 0 0 0 1 14 3840 3853 0.996626
2 0 1 0 1 0 1 0 10 17 17 1
3 1 0 0 3 0 0 0 8 24 24 1
0 1 0 0 2 1 0 0 8 70 70 1
1 1 1 2 0 0 0 0 6 12264 12320 0.995455
2 1 0 1 2 0 0 0 13 2042 2043 0.999511
1 0 1 0 0 2 0 0 15 79 113 0.699115
0 0 0 1 0 1 0 1 17 224 335 0.668657
2 1 1 0 0 1 0 1 18 1325 1331 0.995492
3 0 1 0 1 0 0 1 17 295 379 0.778364
0 0 2 0 0 0 1 0 17 24 31 0.774194
1 0 0 2 0 0 0 1 8 4170 5697 0.731964
2 1 1 0 1 0 0 1 15 8264 8286 0.997345
0 0 0 0 2 1 0 0 2 1 1 1
1 1 0 0 1 2 0 0 18 85 86 0.988372
2 0 0 2 1 0 0 0 8 1893 1983 0.954614
1 1 0 1 2 0 0 0 7 661 666 0.992492
3 0 0 2 0 1 0 0 6 5 5 1
1 0 0 1 2 0 0 0 5 497 549 0.905282
0 0 0 0 1 1 0 1 4 17 34 0.5
1 0 1 1 0 1 0 0 9 7266 8138 0.892848
1 0 0 2 0 0 0 1 17 1244 1910 0.651309
1 0 0 0 0 2 0 1 13 12 17 0.705882
3 1 1 0 1 0 0 1 13 3014 3015 0.999668
1 0 0 3 0 0 0 0 18 811 1089 0.74472
2 1 1 0 1 1 0 0 9 1425 1426 0.999299
3 0 1 1 0 1 0 0 11 138 151 0.913907
4 1 1 0 1 1 0 0 11 13 13 1
1 0 0 0 2 1 0 0 4 2 3 0.666667
2 1 1 0 0 2 0 0 16 171 172 0.994186
3 0 2 1 0 0 0 0 4 290 297 0.976431
3 1 0 0 0 0 0 3 18 5 5 1
3 0 0 2 0 0 1 0 18 2 2 1
4 1 0 1 1 0 0 1 15 17 17 1
3 1 1 0 2 0 0 0 16 1315 1316 0.99924
3 0 1 0 0 0 0 2 16 172 217 0.792627
1 1 0 1 1 1 0 0 9 563 565 0.99646
0 1 0 0 2 1 0 0 11 143 143 1
3 0 1 0 0 0 0 2 13 209 276 0.757246
2 0 1 0 1 0 0 1 17 1332 1958 0.680286
1 0 0 0 1 0 1 1 15 3 5 0.6
3 0 0 0 1 1 0 1 14 16 20 0.8
1 1 1 0 1 1 0 0 16 1860 1867 0.996251
1 0 1 0 0 0 0 2 5 293 532 0.550752
0 0 0 1 0 2 0 0 17 34 43 0.790698
2 0 1 0 0 0 0 2 12 1730 2709 0.638612
4 1 0 1 2 0 0 0 18 58 58 1
2 0 2 0 1 0 0 0 4 3041 3189 0.95359
0 1 1 1 0 0 0 1 7 6605 6618 0.998036
2 0 0 0 2 0 0 1 16 158 229 0.689956
4 1 1 1 1 0 0 0 17 105 105 1
3 0 1 2 0 0 0 0 15 397 423 0.938534
2 1 1 1 0 0 0 1 14 23005 23058 0.997701
2 1 0 0 2 0 0 1 16 484 484 1
0 0 2 1 0 0 0 0 4 2624942 2809654 0.934258
3 1 0 2 0 1 0 0 11 184 184 1
2 1 1 0 1 1 0 0 13 2304 2305 0.999566
1 1 0 0 1 2 0 0 15 34 34 1
0 0 0 0 2 1 0 0 5 93 124 0.75
2 0 1 0 1 1 0 0 12 889 1035 0.858937
2 0 2 0 0 1 0 0 7 2980 3140 0.949045
2 1 1 1 1 0 0 0 12 26997 27026 0.998927
0 1 0 0 0 0 0 3 10 10 10 1
0 0 1 0 1 1 0 0 4 1346 1752 0.768265
1 1 0 1 1 0 1 0 11 17 17 1
3 1 1 0 0 1 0 1 11 373 373 1
1 0 0 2 0 1 0 0 5 155 170 0.911765
1 1 1 0 0 1 0 1 14 1912 1926 0.992731
0 0 0 0 3 0 0 0 8 1332 1613 0.82579
1 0 1 0 2 0 0 0 9 10385 11473 0.905169
2 0 0 1 1 0 0 1 8 853 1052 0.810837
3 0 2 0 0 0 1 0 10 4 5 0.8
1 1 0 1 0 0 0 2 15 1036 1046 0.99044
0 1 0 1 1 0 1 0 7 1 1 1
3 0 3 0 0 0 0 0 9 4622 4665 0.990782
2 1 0 3 0 0 0 0 15 2587 2589 0.999228
1 1 1 0 0 2 0 0 15 241 242 0.995868
2 0 0 0 1 0 1 1 15 1 1 1
0 0 1 0 0 2 0 0 13 414 517 0.800774
0 0 1 0 0 2 0 0 11 720 892 0.807175
0 0 1 0 0 2 0 0 10 791 969 0.816305
2 1 2 0 0 1 0 0 15 5117 5128 0.997855
2 1 1 1 0 1 0 0 4 18 18 1
1 0 0 1 2 0 0 0 17 587 740 0.793243
2 0 1 0 1 0 0 1 7 1996 2503 0.797443
3 1 0 1 0 0 0 2 13 276 276 1
2 0 1 0 1 0 0 1 6 908 1146 0.792321
3 1 0 1 0 0 0 2 12 256 256 1
3 1 0 1 0 0 0 2 11 216 216 1
1 0 0 0 0 1 0 2 11 47 95 0.494737
2 1 1 1 0 0 1 0 10 71 72 0.986111
3 0 1 1 0 1 0 0 16 118 131 0.900763
2 0 0 0 0 2 0 1 15 4 10 0.4
3 1 1 0 0 2 0 0 14 49 49 1
1 1 1 0 0 0 0 2 8 1018 1026 0.992203
0 0 0 1 0 0 0 2 6 851 1646 0.517011
1 0 0 0 0 0 0 3 16 25 53 0.471698
1 0 0 0 0 0 0 3 15 49 88 0.556818
3 1 1 2 0 0 0 0 6 993 993 1
0 0 0 0 0 1 0 2 10 121 252 0.480159
1 0 0 0 2 1 0 0 9 165 192 0.859375
0 1 0 0 1 1 1 0 17 1 1 1
3 1 1 2 0 0 0 0 7 2302 2302 1
1 0 0 0 2 1 0 0 8 118 134 0.880597
3 1 2 0 0 0 0 1 5 199 199 1
3 0 0 1 2 0 0 0 15 50 55 0.909091
0 0 0 0 2 0 1 0 8 6 10 0.6
2 0 0 1 1 1 0 0 8 165 178 0.926966
0 1 0 0 1 1 1 0 18 1 1 1
2 0 0 0 0 0 0 3 12 40 67 0.597015
1 0 0 0 2 1 0 0 7 71 88 0.806818
2 0 0 2 1 0 0 0 6 727 753 0.965471
3 1 1 0 1 1 0 0 14 703 703 1
1 0 3 0 0 0 0 0 3 478948 517673 0.925194
2 0 0 3 0 0 0 0 5 379 390 0.971795
0 1 0 0 0 1 1 1 9 1 1 1
2 0 1 2 0 0 0 0 4 2389 2511 0.951414
1 0 1 1 1 0 0 0 18 3748 5090 0.736346
1 0 1 1 1 0 0 0 17 4617 5655 0.816446
3 1 0 0 2 1 0 0 12 49 49 1
0 1 1 0 2 0 0 0 4 91 91 1
0 0 1 0 0 1 0 1 5 1023 1839 0.556281
0 0 0 0 2 1 0 0 9 581 739 0.786198
2 0 0 2 1 0 0 0 5 269 281 0.957295
4 1 1 1 0 1 0 0 18 88 88 1
3 0 2 0 0 1 0 0 17 134 150 0.893333
2 1 0 1 1 0 0 1 8 809 810 0.998765
2 0 0 1 1 0 0 1 7 441 575 0.766957
2 0 0 3 0 0 0 0 10 1623 1681 0.965497
1 0 0 2 1 0 0 0 17 1213 1536 0.789714
3 1 3 0 0 0 0 0 3 1 1 1
0 0 1 0 0 0 1 1 13 52 76 0.684211
0 0 0 1 2 0 0 0 4 1561 1892 0.825053
2 0 1 2 0 0 0 0 5 6618 6855 0.965427
2 1 0 1 1 1 0 0 17 609 611 0.996727
0 0 1 0 1 0 0 1 6 22399 36149 0.61963
3 1 0 1 2 0 0 0 16 468 469 0.997868
2 1 0 1 1 1 0 0 16 561 562 0.998221
0 0 1 0 1 0 0 1 5 12230 20376 0.600216
3 1 0 1 2 0 0 0 15 489 489 1
2 1 2 0 0 1 0 0 4 48 48 1
2 1 0 1 1 1 0 0 15 612 615 0.995122
3 1 0 1 0 0 1 1 8 2 2 1
0 1 0 0 1 1 0 1 7 24 24 1
1 0 0 0 1 0 0 2 11 448 759 0.59025
0 1 0 1 2 0 0 0 7 579 580 0.998276
3 0 1 0 0 0 0 2 14 197 275 0.716364
0 1 0 0 2 1 0 0 14 137 137 1
3 1 0 1 2 0 0 0 14 514 514 1
1 0 2 0 0 1 0 0 3 464 547 0.848263
1 0 0 1 0 1 1 0 7 5 6 0.833333
2 1 2 1 0 0 0 0 9 90960 91029 0.999242
2 1 0 2 0 1 0 0 14 697 698 0.998567
0 1 1 1 0 1 0 0 9 3547 3557 0.997189
1 0 0 1 1 1 0 0 13 497 623 0.797753
1 1 0 0 1 1 1 0 15 4 4 1
2 1 0 2 1 0 0 0 11 4049 4055 0.99852
0 1 0 0 0 2 0 1 11 13 13 1
1 1 0 3 0 0 0 0 4 70 70 1
2 0 1 1 0 0 0 1 17 3207 4601 0.697022
3 0 1 2 0 0 0 0 8 834 841 0.991677
2 1 1 2 0 0 0 0 5 2525 2528 0.998813
3 1 0 2 0 0 0 1 9 442 442 1
1 1 2 1 0 0 0 0 5 34265 34346 0.997642
3 1 1 1 0 0 0 1 8 2179 2179 1
1 1 2 1 0 0 0 0 8 110781 111119 0.996958
3 1 1 1 0 0 0 1 7 921 922 0.998915
0 1 2 0 1 0 0 0 5 8550 8566 0.998132
2 0 1 1 0 0 0 1 5 1336 1608 0.830846
4 1 0 0 2 0 0 1 14 5 5 1
1 0 1 0 1 1 0 0 18 434 616 0.704545
0 0 0 1 1 0 0 1 4 821 1463 0.561176
0 1 0 0 1 1 0 1 6 3 3 1
3 1 0 1 0 0 1 1 9 3 3 1
0 1 0 1 2 0 0 0 4 14 14 1
1 0 0 0 1 0 0 2 10 410 695 0.589928
1 1 2 0 0 0 0 1 4 858 858 1
1 0 1 1 0 0 0 1 3 848 1225 0.692245
1 0 0 2 1 0 0 0 7 5314 5718 0.929346
1 1 2 1 0 0 0 0 1 1 1 1
4 1 1 0 0 1 0 1 16 18 18 1
2 1 1 0 0 1 0 1 14 1630 1632 0.998775
0 0 0 1 0 1 0 1 13 1105 1626 0.679582
3 0 0 2 0 0 0 1 16 147 183 0.803279
4 1 2 0 0 0 0 1 15 258 258 1
2 0 0 0 2 1 0 0 15 52 69 0.753623
2 1 0 2 0 0 0 1 13 4098 4111 0.996838
1 1 0 0 0 0 0 3 18 16 17 0.941176
3 0 1 1 0 0 0 1 16 811 1005 0.806965
1 0 1 0 0 1 0 1 9 1717 2469 0.695423
2 0 1 0 0 1 0 1 17 272 384 0.708333
4 1 1 0 0 0 1 1 18 4 4 1
3 0 1 1 0 0 0 1 9 720 826 0.871671
0 0 0 2 0 0 0 1 16 3168 4544 0.697183
1 0 1 0 0 1 0 1 12 1744 2505 0.696208
4 1 2 0 0 1 0 0 8 16 16 1
3 0 1 1 0 0 0 1 4 7 8 0.875
2 0 0 2 0 0 0 1 9 1622 2053 0.790063
1 0 1 0 0 1 0 1 11 1895 2782 0.681165
1 0 1 0 0 1 0 1 4 50 72 0.694444
0 1 1 0 1 0 0 1 6 909 910 0.998901
1 1 1 0 0 0 0 2 10 2779 2799 0.992855
0 1 1 0 0 2 0 0 15 127 128 0.992188
2 0 0 0 1 0 0 2 6 7 11 0.636364
3 1 2 0 0 1 0 0 15 1769 1769 1
3 1 2 0 0 1 0 0 14 2012 2013 0.999503
3 1 2 0 0 1 0 0 13 2219 2219 1
0 1 1 1 0 1 0 0 5 309 309 1
0 0 1 1 0 0 1 0 7 228 271 0.841328
2 0 1 0 2 0 0 0 16 855 1047 0.816619
2 1 0 1 1 0 0 1 18 3263 3284 0.993605
1 0 0 0 2 0 0 1 17 219 338 0.647929
0 0 0 2 1 0 0 0 6 22080 25057 0.881191
1 1 1 0 1 1 0 0 9 2104 2116 0.994329
0 0 0 0 0 0 0 3 11 195 382 0.510471
0 0 0 0 1 1 0 1 5 43 80 0.5375
0 0 0 0 0 0 0 3 10 190 369 0.514905
2 1 0 3 0 0 0 0 6 428 428 1
2 1 1 1 0 0 1 0 12 94 94 1
0 1 1 0 0 0 0 2 8 690 692 0.99711
0 0 1 0 0 1 0 1 3 114 195 0.584615
3 1 0 0 2 1 0 0 10 43 43 1
0 1 1 0 2 0 0 0 6 1164 1166 0.998285
0 0 0 1 1 1 0 0 13 1394 1728 0.806713
0 0 0 2 0 1 0 0 5 1118 1412 0.791785
0 0 1 1 0 1 0 0 16 2572 3112 0.826478
0 0 0 0 3 0 0 0 15 295 368 0.80163
2 1 1 0 0 1 0 1 10 1270 1273 0.997643
2 0 0 2 0 1 0 0 11 342 394 0.86802
3 0 1 1 0 0 0 1 15 890 1117 0.796777
3 1 1 0 2 0 0 0 7 295 295 1
0 0 2 0 1 0 0 0 13 73860 82608 0.894102
1 0 1 0 0 1 0 1 8 1351 2004 0.674152
3 0 0 1 1 0 0 1 17 128 167 0.766467
0 1 0 1 1 1 0 0 4 5 5 1
0 1 1 0 1 0 1 0 18 27 27 1
1 0 2 0 0 0 1 0 6 61 72 0.847222
2 1 0 1 1 0 0 1 10 2247 2252 0.99778
1 1 0 0 1 2 0 0 13 32 33 0.969697
0 0 0 0 2 1 0 0 7 357 451 0.791574
4 1 3 0 0 0 0 0 17 120 120 1
2 0 1 1 0 0 0 1 8 9984 12253 0.814821
2 0 1 0 1 1 0 0 14 601 735 0.817687
1 0 1 0 1 0 1 0 17 7 8 0.875
3 0 0 0 2 1 0 0 10 6 7 0.857143
2 1 1 0 0 2 0 0 11 243 243 1
2 1 1 0 0 1 0 1 11 1582 1585 0.998107
0 0 0 0 3 0 0 0 16 208 261 0.796935
4 1 3 0 0 0 0 0 18 187 187 1
2 0 1 1 0 0 0 1 7 6667 8137 0.819344
2 0 1 0 1 1 0 0 11 978 1144 0.854895
3 0 0 0 2 1 0 0 13 6 7 0.857143
0 1 0 0 1 2 0 0 16 25 25 1
1 0 1 0 1 0 1 0 14 22 28 0.785714
2 1 1 0 0 2 0 0 10 162 162 1
1 1 1 1 0 1 0 0 3 4 4 1
2 1 0 0 0 2 0 1 16 17 18 0.944444
2 1 1 0 1 1 0 0 8 856 859 0.996508
1 1 1 1 0 1 0 0 2 1 1 1
2 1 0 0 0 2 0 1 15 20 20 1
2 1 1 0 1 1 0 0 7 389 390 0.997436
2 1 0 0 1 1 0 1 11 169 169 1
2 1 1 0 0 2 0 0 6 14 14 1
0 0 1 1 1 0 0 0 5 164106 183749 0.893099
1 0 0 0 0 0 0 3 12 72 145 0.496552
2 1 0 0 1 1 0 1 12 212 213 0.995305
2 1 1 0 0 2 0 0 5 3 3 1
0 0 1 1 1 0 0 0 6 217351 242783 0.895248
1 0 0 0 0 0 0 3 11 89 155 0.574194
1 1 1 1 0 0 0 1 8 14680 14765 0.994243
2 1 0 2 1 0 0 0 18 6578 6611 0.995008
0 1 1 1 0 0 1 0 16 50 50 1
2 0 1 0 0 0 0 2 16 659 1071 0.615313
3 0 1 1 0 1 0 0 13 138 154 0.896104
4 1 1 0 1 1 0 0 13 22 22 1
3 0 2 1 0 0 0 0 6 2165 2195 0.986333
3 0 1 1 0 1 0 0 10 125 133 0.93985
4 1 1 0 1 1 0 0 12 13 13 1
3 0 2 1 0 0 0 0 5 1074 1096 0.979927
2 0 1 1 1 0 0 0 3 121 124 0.975806
2 1 1 0 1 0 1 0 17 39 39 1
1 0 1 0 1 0 0 1 3 128 181 0.707182
1 1 0 1 0 2 0 0 11 95 95 1
0 1 2 0 0 0 1 0 12 97 98 0.989796
1 0 0 2 1 0 0 0 16 1647 1986 0.829305
1 1 0 1 0 0 0 2 11 1115 1121 0.994648
2 0 0 1 2 0 0 0 15 437 523 0.835564
0 1 0 2 0 0 0 1 10 2701 2707 0.997784
0 0 0 0 2 0 0 1 9 2084 3232 0.644802
0 1 2 0 0 0 0 1 13 24038 24118 0.996683
3 1 2 0 1 0 0 0 7 3697 3698 0.99973
0 1 3 0 0 0 0 0 6 93140 93303 0.998253
1 1 1 0 0 0 0 2 18 746 759 0.982872
0 1 1 0 2 0 0 0 14 3873 3881 0.997939
3 0 1 0 0 2 0 0 8 3 3 1
1 0 0 1 0 0 0 2 10 1236 2001 0.617691
3 1 0 1 2 0 0 0 17 465 465 1
1 0 0 2 1 0 0 0 13 3520 4067 0.865503
2 0 0 3 0 0 0 0 14 802 886 0.905192
2 0 0 1 0 0 1 1 11 4 4 1
1 0 0 2 1 0 0 0 12 4426 4949 0.894322
2 0 0 3 0 0 0 0 13 1007 1085 0.928111
4 1 1 2 0 0 0 0 6 5 5 1
0 1 1 0 0 0 0 2 9 1293 1295 0.998456
3 1 0 2 0 0 0 1 8 245 245 1
2 1 1 2 0 0 0 0 6 6659 6671 0.998201
0 0 0 2 0 0 1 0 10 39 44 0.886364
0 0 0 1 0 0 0 2 8 2481 4507 0.550477
2 1 1 0 1 0 0 1 10 8247 8266 0.997701
0 1 0 0 1 0 0 2 8 55 55 1
0 0 0 0 0 1 0 2 16 28 55 0.509091
0 0 0 2 1 0 0 0 3 2659 3098 0.858296
0 1 0 1 0 0 0 2 17 319 319 1
1 0 0 3 0 0 0 0 5 2633 2795 0.942039
1 0 2 0 0 0 0 1 3 4281 6074 0.704807
0 1 0 1 0 0 0 2 11 665 667 0.997001
0 0 0 1 1 1 0 0 14 1018 1265 0.804743
1 1 0 3 0 0 0 0 18 4539 4577 0.991698
1 0 0 3 0 0 0 0 16 1207 1419 0.850599
1 0 0 3 0 0 0 0 15 1567 1803 0.869107
3 1 1 0 0 2 0 0 7 7 7 1
3 1 0 2 1 0 0 0 13 1143 1143 1
1 0 0 0 2 0 0 1 11 757 1100 0.688182
3 1 0 1 0 0 0 2 14 269 269 1
2 0 1 0 1 0 0 1 8 3346 4262 0.785077
2 1 1 1 1 0 0 0 5 1161 1163 0.99828
2 0 1 1 1 0 0 0 6 7090 7309 0.970037
3 1 1 0 0 0 0 2 15 727 727 1
3 1 1 0 0 0 0 2 14 867 867 1
1 1 0 1 0 1 0 1 5 5 5 1
1 1 1 1 0 1 0 0 15 4513 4538 0.994491
1 1 0 1 0 1 0 1 4 2 2 1
1 1 1 1 0 1 0 0 14 5093 5115 0.995699
4 1 0 0 3 0 0 0 11 4 4 1
1 1 0 1 1 1 0 0 10 762 766 0.994778
1 1 0 2 0 1 0 0 9 624 628 0.993631
1 1 0 3 0 0 0 0 16 3267 3298 0.9906
0 0 0 1 1 1 0 0 12 2002 2419 0.827615
3 1 0 1 0 2 0 0 10 10 10 1
2 1 0 0 0 0 0 3 15 38 38 1
0 1 1 0 0 1 0 1 15 931 934 0.996788
0 1 1 0 0 0 0 2 17 652 655 0.99542
3 1 1 1 1 0 0 0 12 7185 7185 1
3 1 0 1 2 0 0 0 18 1228 1228 1
2 1 0 1 1 1 0 0 18 1486 1492 0.995979
2 1 0 1 2 0 0 0 18 3276 3288 0.99635
2 1 0 1 0 1 1 0 16 6 6 1
1 0 0 0 2 0 0 1 18 203 343 0.591837
2 0 0 2 1 0 0 0 18 860 1091 0.788268
1 1 0 1 0 0 1 1 11 8 8 1
2 1 0 1 0 1 1 0 10 1 1 1
1 0 0 0 2 0 0 1 12 691 1034 0.668279
2 0 0 2 1 0 0 0 16 767 897 0.855072
1 0 0 0 2 0 0 1 15 370 531 0.696798
0 1 0 2 0 0 0 1 8 1323 1326 0.997738
1 0 1 2 0 0 0 0 18 3296 4452 0.740341
2 0 0 2 1 0 0 0 15 892 1046 0.852772
1 1 0 0 1 1 1 0 10 1 1 1
1 1 1 1 0 0 0 1 4 256 257 0.996109
2 1 0 2 1 0 0 0 14 3827 3836 0.997654
2 0 0 2 1 0 0 0 13 1369 1530 0.894771
2 0 3 0 0 0 0 0 16 4014 4163 0.964209
2 1 0 2 1 0 0 0 12 4053 4058 0.998768
1 0 0 1 2 0 0 0 11 2262 2627 0.861058
2 0 0 2 1 0 0 0 12 1661 1812 0.916667
1 1 0 3 0 0 0 0 11 3687 3703 0.995679
1 1 1 1 0 1 0 0 17 3321 3351 0.991047
1 0 0 1 1 0 0 1 14 2451 3620 0.677072
2 0 0 1 1 1 0 0 10 264 302 0.874172
0 1 0 0 0 3 0 0 18 3 3 1
0 0 1 0 0 0 0 2 10 12862 21950 0.585968
1 0 1 0 0 1 1 0 7 4 5 0.8
2 0 2 0 0 0 0 1 4 1207 1456 0.828984
3 1 0 0 2 0 0 1 13 189 190 0.994737
3 0 3 0 0 0 0 0 12 1993 2005 0.994015
4 1 0 1 0 0 0 2 18 5 5 1
3 1 0 0 2 0 0 1 18 295 295 1
3 0 3 0 0 0 0 0 11 2787 2799 0.995713
3 1 2 0 1 0 0 0 17 5134 5134 1
2 0 2 0 0 0 0 1 12 18693 23632 0.791004
0 0 0 1 0 0 0 2 17 340 585 0.581197
1 1 0 1 0 1 0 1 12 658 666 0.987988
1 0 0 1 0 1 0 1 7 178 293 0.607509
1 1 0 1 0 1 0 1 8 155 155 1
2 1 1 0 0 0 0 2 10 2226 2233 0.996865
3 1 0 2 0 0 0 1 7 103 103 1
0 1 1 0 0 2 0 0 16 95 96 0.989583
0 1 1 2 0 0 0 0 15 12388 12409 0.998308
1 0 1 1 1 0 0 0 2 290 342 0.847953
2 0 0 0 1 0 0 2 7 25 39 0.641026
3 1 2 0 0 1 0 0 18 2289 2291 0.999127
0 1 1 0 0 2 0 0 17 92 92 1
2 0 0 0 1 0 0 2 8 55 83 0.662651
3 1 2 0 0 1 0 0 17 1281 1282 0.99922
2 0 0 0 1 0 0 2 5 0 1 0
3 1 2 0 0 1 0 0 16 1504 1504 1
4 1 0 1 1 0 0 1 14 16 16 1
3 1 1 0 2 0 0 0 15 1443 1443 1
3 0 1 0 0 0 0 2 15 187 251 0.74502
0 0 0 0 3 0 0 0 12 841 1023 0.822092
0 0 0 0 2 1 0 0 8 474 616 0.769481
0 0 2 0 0 0 1 0 16 51 55 0.927273
1 0 0 2 0 0 0 1 9 5077 6891 0.736758
0 0 0 0 3 0 0 0 11 1103 1334 0.826837
0 1 2 1 0 0 0 0 18 6861 6901 0.994204
3 1 2 0 0 0 0 1 18 6522 6525 0.99954
0 1 2 1 0 0 0 0 15 23067 23124 0.997535
3 1 2 0 0 0 0 1 17 5579 5585 0.998926
3 1 1 0 2 0 0 0 8 617 617 1
0 0 2 0 1 0 0 0 12 119924 133325 0.899486
1 0 1 0 0 1 0 1 7 849 1275 0.665882
0 0 2 0 1 0 0 0 11 185908 205665 0.903936
1 0 1 0 0 1 0 1 6 450 664 0.677711
0 1 2 0 0 0 0 1 18 2847 2868 0.992678
2 1 1 0 1 0 1 0 11 47 47 1
1 1 0 1 0 2 0 0 17 77 77 1
1 0 1 0 1 0 0 1 5 1831 2715 0.674401
2 0 1 0 1 1 0 0 8 702 776 0.904639
3 1 1 0 2 0 0 0 17 1178 1178 1
0 0 0 0 0 1 0 2 7 33 80 0.4125
3 1 1 2 0 0 0 0 4 33 33 1
3 0 0 1 0 0 0 2 8 10 15 0.666667
1 0 1 0 1 0 1 0 11 48 55 0.872727
2 1 1 0 0 2 0 0 13 234 234 1
4 1 3 0 0 0 0 0 15 214 214 1
2 0 1 0 1 1 0 0 16 342 423 0.808511
3 1 2 0 1 0 0 0 15 7651 7653 0.999739
3 1 0 1 1 1 0 0 15 186 186 1
1 0 0 0 0 2 0 1 10 15 20 0.75
3 1 1 0 1 0 0 1 12 2877 2877 1
3 1 1 0 1 0 0 1 11 2686 2686 1
1 1 0 0 1 1 1 0 6 1 1 1
1 0 0 2 0 0 0 1 13 3843 5318 0.72264
0 1 1 1 1 0 0 0 5 3248 3254 0.998156
0 0 3 0 0 0 0 0 5 5634572 5989013 0.940818
3 0 1 0 1 0 0 1 9 305 343 0.889213
0 0 0 0 2 0 0 1 10 2231 3427 0.651007
0 0 3 0 0 0 0 0 16 9537 10512 0.907249
3 1 0 0 2 0 0 1 15 186 186 1
3 0 3 0 0 0 0 0 10 3766 3789 0.99393
0 0 1 1 0 1 0 0 15 4292 5053 0.849396
0 0 0 1 2 0 0 0 5 3649 4307 0.847225
1 0 0 1 0 0 0 2 14 917 1542 0.594682
3 0 0 2 0 0 0 1 8 64 79 0.810127
2 0 1 0 0 0 0 2 10 1586 2449 0.647611
0 0 0 1 0 2 0 0 15 74 91 0.813187
3 0 1 1 0 0 1 0 14 0 2 0
2 0 1 0 0 0 0 2 11 1800 2762 0.651702
0 0 0 1 0 2 0 0 14 92 112 0.821429
1 1 0 0 0 0 0 3 8 6 6 1
1 1 0 1 1 0 0 1 5 45 45 1
1 1 0 2 0 0 0 1 8 1744 1753 0.994866
1 0 1 0 0 1 1 0 9 11 11 1
0 0 0 1 0 2 0 0 11 201 245 0.820408
2 0 0 2 0 0 1 0 8 4 4 1
1 0 1 0 0 2 0 0 12 179 221 0.809955
3 0 1 1 1 0 0 0 16 392 439 0.892938
1 0 3 0 0 0 0 0 18 1700 2240 0.758929
2 1 0 3 0 0 0 0 12 2968 2969 0.999663
1 0 0 2 1 0 0 0 9 6717 7271 0.923807
0 1 0 0 1 0 0 2 15 183 184 0.994565
1 1 0 0 1 1 0 1 12 272 274 0.992701
0 1 0 3 0 0 0 0 5 361 362 0.997238
0 0 2 0 0 0 0 1 10 218512 294588 0.741755
1 1 1 0 1 0 0 1 15 9754 9826 0.992673
2 1 2 1 0 0 0 0 10 94257 94331 0.999216
3 1 0 1 2 0 0 0 9 261 261 1
3 1 1 0 0 1 1 0 9 1 1 1
2 0 0 0 1 2 0 0 12 16 22 0.727273
2 1 0 1 0 0 0 2 15 841 844 0.996445
1 1 1 0 0 0 1 1 12 39 41 0.95122
0 1 0 0 0 0 0 3 9 11 11 1
0 0 0 0 3 0 0 0 9 1434 1734 0.82699
3 1 0 0 0 2 0 1 10 4 4 1
0 1 0 0 1 0 1 1 13 2 2 1
2 1 1 0 2 0 0 0 8 3135 3138 0.999044
1 1 0 0 1 1 1 0 13 3 3 1
2 1 0 2 1 0 0 0 13 4010 4020 0.997512
0 1 0 0 3 0 0 0 8 121 121 1
3 1 0 1 2 0 0 0 11 482 483 0.99793
0 1 0 0 1 1 0 1 4 1 1 1
1 0 0 0 1 0 0 2 12 427 735 0.580952
0 1 0 1 2 0 0 0 6 290 291 0.996564
1 1 1 1 0 0 0 1 6 3554 3574 0.994404
0 0 0 1 2 0 0 0 12 6113 7279 0.839813
1 1 1 1 0 0 0 1 12 32896 33049 0.995371
1 0 1 0 0 0 0 2 17 642 1141 0.562664
3 1 0 0 0 0 0 3 14 13 13 1
1 1 0 1 1 0 0 1 15 3617 3640 0.993681
0 0 0 1 2 0 0 0 13 4553 5469 0.832511
1 0 1 0 0 0 0 2 16 1172 2019 0.580485
3 0 1 2 0 0 0 0 10 878 887 0.989853
3 0 0 1 2 0 0 0 13 56 58 0.965517
1 0 1 2 0 0 0 0 10 50568 53096 0.952388
2 0 0 0 1 0 1 1 17 3 4 0.75
3 1 1 1 0 0 0 1 14 6648 6648 1
0 0 1 0 1 1 0 0 10 9985 11916 0.837949
0 1 2 0 0 1 0 0 9 6528 6548 0.996946
0 0 1 0 1 1 0 0 11 8102 9718 0.833711
0 1 2 0 0 1 0 0 8 5313 5333 0.99625
0 0 0 0 3 0 0 0 13 604 750 0.805333
0 0 2 0 0 0 1 0 15 85 90 0.944444
1 0 0 2 0 0 0 1 6 1645 2377 0.692049
0 1 1 0 2 0 0 0 9 5047 5053 0.998813
1 0 1 1 0 0 1 0 18 26 33 0.787879
2 1 2 0 0 1 0 0 17 3370 3382 0.996452
4 1 1 2 0 0 0 0 18 216 216 1
3 0 1 0 2 0 0 0 5 11 11 1
2 0 2 1 0 0 0 0 10 57814 59000 0.979898
2 0 0 1 0 1 0 1 17 114 157 0.726115
4 1 2 1 0 0 0 0 18 388 388 1
1 0 1 0 2 0 0 0 8 9934 10818 0.918284
2 1 0 1 1 0 1 0 17 19 19 1
0 1 0 1 1 0 1 0 15 12 12 1
1 1 1 0 2 0 0 0 9 6635 6664 0.995648
1 0 2 0 0 0 1 0 18 28 33 0.848485
3 0 1 0 0 1 1 0 18 1 1 1
2 1 1 0 0 0 0 2 9 1421 1423 0.998595
1 0 0 3 0 0 0 0 13 2509 2739 0.916028
3 1 0 1 0 2 0 0 9 10 10 1
3 1 1 0 1 0 0 1 15 2553 2557 0.998436
1 1 0 3 0 0 0 0 13 3580 3591 0.996937
1 0 0 3 0 0 0 0 12 3179 3460 0.918786
1 1 0 3 0 0 0 0 12 3734 3751 0.995468
2 0 1 1 1 0 0 0 18 2997 3765 0.796016
0 0 1 0 1 0 0 1 4 5246 8918 0.588248
1 1 3 0 0 0 0 0 13 55920 56034 0.997966
1 1 0 2 1 0 0 0 16 4490 4523 0.992704
3 1 0 1 0 2 0 0 7 1 1 1
1 1 0 3 0 0 0 0 15 3317 3330 0.996096
1 1 0 3 0 0 0 0 14 3464 3479 0.995688
0 1 0 0 2 0 1 0 10 1 1 1
1 1 1 1 0 1 0 0 9 4590 4614 0.994798
3 0 0 1 2 0 0 0 18 88 107 0.82243
3 1 2 0 0 0 0 1 6 846 846 1
0 0 1 1 1 0 0 0 2 12131 14112 0.859623
2 1 1 0 0 2 0 0 9 121 122 0.991803
2 1 1 1 1 0 0 0 11 27506 27537 0.998874
0 0 0 2 1 0 0 0 16 3357 4015 0.836115
0 1 0 2 1 0 0 0 12 3527 3537 0.997173
2 1 1 0 1 0 1 0 14 49 49 1
1 0 1 0 1 0 0 1 4 610 905 0.674033
2 0 1 0 0 0 1 1 15 11 15 0.733333
1 1 0 2 0 1 0 0 10 818 824 0.992718
3 1 1 2 0 0 0 0 10 6813 6813 1
0 0 1 0 1 0 0 1 11 38658 54940 0.70364
2 0 2 0 1 0 0 0 17 2598 2985 0.870352
2 0 0 1 0 1 1 0 12 0 1 0
4 1 1 0 1 1 0 0 8 2 2 1
2 0 0 1 1 0 0 1 18 722 1144 0.631119
2 0 0 1 0 2 0 0 14 20 25 0.8
3 1 2 1 0 0 0 0 11 23564 23565 0.999958
4 1 1 0 0 2 0 0 12 1 1 1
2 1 0 0 3 0 0 0 10 252 252 1
2 0 1 0 2 0 0 0 10 3371 3631 0.928394
3 0 0 0 2 0 0 1 10 14 18 0.777778
1 0 2 0 0 0 1 0 12 79 88 0.897727
1 0 2 0 0 0 0 1 15 14250 19844 0.718101
0 0 2 0 1 0 0 0 8 468797 516838 0.907048
2 1 2 0 0 0 0 1 18 13679 13754 0.994547
3 1 0 1 0 1 1 0 11 1 1 1
2 0 0 0 2 1 0 0 7 27 28 0.964286
4 1 1 1 0 0 0 1 17 178 178 1
0 0 0 1 1 0 1 0 12 31 34 0.911765
1 1 1 0 0 0 1 1 15 40 40 1
0 0 1 0 0 0 0 2 9 12193 21164 0.57612
1 1 1 0 0 0 1 1 14 35 35 1
4 1 0 1 2 0 0 0 17 15 15 1
2 0 2 0 1 0 0 0 5 9269 9570 0.968548
2 0 1 0 0 1 0 1 10 714 1005 0.710448
1 1 0 0 3 0 0 0 12 410 412 0.995146
1 0 0 1 0 0 0 2 9 982 1654 0.593712
1 1 0 0 3 0 0 0 10 360 361 0.99723
1 0 0 1 0 0 0 2 7 424 711 0.596343
3 1 1 2 0 0 0 0 17 4306 4308 0.999536
0 1 1 0 1 0 0 1 16 4271 4285 0.996733
3 0 1 0 0 1 0 1 15 92 116 0.793103
1 0 2 1 0 0 0 0 2 27886 31429 0.88727
3 0 1 2 0 0 0 0 12 651 668 0.974551
1 0 1 1 0 1 0 0 16 1311 1609 0.814792
1 1 0 0 0 2 1 0 8 1 1 1
0 0 0 0 1 2 0 0 7 47 68 0.691176
3 0 2 0 1 0 0 0 11 1247 1298 0.960709
3 1 3 0 0 0 0 0 6 9708 9709 0.999897
0 0 0 1 0 1 1 0 9 8 11 0.727273
1 1 0 1 0 1 1 0 12 8 8 1
2 0 1 1 0 1 0 0 9 2301 2474 0.930073
0 1 2 0 0 1 0 0 15 3034 3043 0.997042
0 0 0 0 1 2 0 0 4 6 7 0.857143
3 1 1 1 0 1 0 0 15 1206 1206 1
3 0 2 0 1 0 0 0 14 731 785 0.93121
2 0 0 0 0 2 0 1 7 1 1 1
1 0 1 1 0 1 0 0 13 3473 4044 0.858803
1 0 0 3 0 0 0 0 6 4159 4360 0.953899
1 1 0 1 1 1 0 0 18 1465 1480 0.989865
2 0 0 2 0 0 0 1 13 1578 2148 0.734637
1 1 0 1 1 0 0 1 12 4092 4123 0.992481
1 1 0 3 0 0 0 0 10 3617 3637 0.994501
0 0 2 0 0 1 0 0 2 1775 2404 0.738353
0 1 1 1 1 0 0 0 14 15384 15419 0.99773
1 0 0 3 0 0 0 0 10 4901 5212 0.94033
1 0 0 0 1 0 1 1 18 5 7 0.714286
2 0 1 2 0 0 0 0 11 13905 14357 0.968517
0 0 0 0 2 0 1 0 4 1 1 1
0 1 1 0 1 1 0 0 9 1597 1601 0.997502
3 1 0 0 1 0 0 2 7 2 2 1
2 1 0 1 1 1 0 0 9 373 374 0.997326
1 0 0 0 1 1 0 1 10 178 271 0.656827
3 0 1 0 1 0 0 1 10 357 405 0.881481
2 0 0 0 0 1 1 1 17 1 1 1
0 1 0 2 1 0 0 0 9 3017 3018 0.999669
2 1 0 0 0 1 0 2 9 15 15 1
0 1 1 0 1 0 0 1 18 2323 2338 0.993584
3 0 1 0 0 1 0 1 17 78 100 0.78
0 0 2 0 0 0 1 0 5 277 334 0.829341
1 0 2 1 0 0 0 0 3 110875 120184 0.922544
2 0 0 0 1 0 1 1 10 1 1 1
3 1 1 1 0 0 0 1 17 4282 4283 0.999767
0 1 1 0 1 0 0 1 12 8285 8307 0.997352
3 0 1 0 0 1 0 1 11 66 86 0.767442
1 0 2 1 0 0 0 0 6 348216 364399 0.95559
2 0 0 0 1 0 1 1 11 1 1 1
1 1 0 0 1 0 2 0 18 1 1 1
0 0 1 0 0 2 0 0 17 53 67 0.791045
3 1 1 1 0 0 0 1 16 5217 5218 0.999808
0 1 0 1 0 0 1 1 10 4 4 1
2 0 0 2 1 0 0 0 14 1136 1313 0.865194
1 0 0 0 2 0 0 1 14 446 692 0.644509
2 0 0 1 0 2 0 0 11 21 25 0.84
3 1 2 1 0 0 0 0 14 16348 16348 1
0 1 0 0 3 0 0 0 6 36 36 1
0 1 1 0 1 0 0 1 9 5847 5867 0.996591
3 1 1 1 0 1 0 0 7 184 184 1
2 1 0 0 2 1 0 0 12 170 170 1
3 0 0 0 2 0 0 1 9 10 11 0.909091
4 1 2 0 0 0 0 1 12 253 253 1
3 0 0 0 1 0 0 2 12 23 35 0.657143
1 0 0 1 2 0 0 0 8 2528 2804 0.901569
3 1 0 1 0 1 0 1 15 132 132 1
1 0 1 0 0 0 1 1 18 13 20 0.65
2 1 1 1 0 0 0 1 7 5154 5163 0.998257
1 1 1 2 0 0 0 0 3 305 306 0.996732
1 0 0 1 0 1 1 0 6 3 3 1
2 1 2 1 0 0 0 0 8 78008 78085 0.999014
2 1 0 2 0 1 0 0 13 767 770 0.996104
0 1 2 0 1 0 0 0 3 799 799 1
2 0 2 0 0 1 0 0 10 4264 4583 0.930395
1 1 1 1 0 0 0 1 14 27598 27769 0.993842
3 0 0 2 0 1 0 0 14 22 28 0.785714
2 0 2 0 0 1 0 0 9 4449 4770 0.932704
2 1 3 0 0 0 0 0 17 15139 15167 0.998154
2 1 0 1 0 1 0 1 18 689 691 0.997106
3 1 0 0 2 1 0 0 11 49 49 1
3 0 0 2 0 0 0 1 18 244 289 0.844291
0 1 1 0 2 0 0 0 2 2 2 1
3 0 0 2 0 0 0 1 17 137 181 0.756906
0 1 1 1 0 0 0 1 18 4050 4074 0.994109
1 1 0 0 2 0 0 1 9 408 410 0.995122
0 0 0 1 1 1 0 0 16 536 667 0.803598
0 0 0 1 1 1 0 0 15 746 921 0.809989
1 0 0 3 0 0 0 0 11 4007 4294 0.933163
2 0 0 1 1 0 0 1 17 640 879 0.7281
2 1 1 0 2 0 0 0 17 3399 3402 0.999118
2 1 0 1 0 1 0 1 16 452 453 0.997792
2 1 1 0 0 0 1 1 18 40 40 1
3 1 3 0 0 0 0 0 15 10216 10217 0.999902
2 1 0 1 0 1 0 1 15 458 459 0.997821
3 0 0 0 1 0 0 2 16 28 33 0.848485
0 0 1 1 0 1 0 0 2 410 609 0.673235
2 0 1 1 1 0 0 0 11 12770 13626 0.937179
3 0 0 0 0 0 0 3 10 2 2 1
0 1 1 0 2 0 0 0 16 2537 2540 0.998819
0 1 0 0 0 2 0 1 16 10 10 1
0 0 0 0 1 0 1 1 8 4 8 0.5
0 1 2 0 1 0 0 0 13 24040 24089 0.997966
3 1 0 0 1 0 0 2 12 101 101 1
0 1 1 0 1 1 0 0 10 1925 1929 0.997926
2 0 1 1 0 1 0 0 15 934 1125 0.830222
4 1 0 2 0 0 1 0 16 1 1 1
3 1 0 0 1 0 0 2 17 56 56 1
2 0 0 1 0 0 0 2 5 4 10 0.4
1 0 2 1 0 0 0 0 17 7278 8345 0.872139
0 0 0 1 1 0 0 1 14 5477 7723 0.70918
0 1 2 0 0 0 0 1 4 1159 1159 1
2 0 0 0 1 1 0 1 16 63 88 0.715909
0 1 0 0 2 0 0 1 12 517 520 0.994231
1 1 0 0 0 1 0 2 16 35 36 0.972222
1 0 1 1 1 0 0 0 12 27050 30066 0.899687
0 1 1 2 0 0 0 0 14 14594 14620 0.998222
1 0 1 1 0 1 0 0 2 11 17 0.647059
0 1 0 1 0 0 0 2 5 11 11 1
3 1 0 1 0 2 0 0 16 15 15 1
2 0 1 0 2 0 0 0 9 3361 3570 0.941457
4 1 1 0 2 0 0 0 5 1 1 1
3 1 1 0 0 1 0 1 7 28 28 1
1 0 1 0 0 1 0 1 17 368 577 0.637782
2 0 0 0 2 0 1 0 6 1 1 1
2 1 1 2 0 0 0 0 8 19936 19956 0.998998
2 1 1 0 0 0 0 2 15 2394 2406 0.995012
1 1 1 0 1 0 1 0 10 44 45 0.977778
2 1 0 0 1 0 0 2 11 270 271 0.99631
3 1 1 0 0 0 0 2 12 878 878 1
0 0 2 0 1 0 0 0 14 42962 48504 0.885741
0 0 1 1 0 1 0 0 6 19300 23270 0.829394
0 0 0 1 2 0 0 0 14 3207 3826 0.838212
1 1 0 1 1 0 0 1 16 3195 3222 0.99162
4 1 0 3 0 0 0 0 11 17 17 1
1 0 1 1 0 0 0 1 5 8928 12502 0.714126
1 1 0 0 1 1 1 0 14 3 3 1
2 0 3 0 0 0 0 0 18 1929 2219 0.869311
2 1 0 2 1 0 0 0 10 3673 3678 0.998641
1 0 1 0 0 1 0 1 2 1 1 1
0 1 0 0 3 0 0 0 7 70 70 1
1 1 3 0 0 0 0 0 11 97048 97247 0.997954
1 1 0 2 1 0 0 0 18 6807 6870 0.99083
1 1 3 0 0 0 0 0 14 39985 40103 0.997058
1 1 0 2 1 0 0 0 17 4336 4379 0.99018
3 1 0 1 2 0 0 0 8 143 143 1
2 1 2 1 0 0 0 0 11 88956 89023 0.999247
1 1 1 0 1 0 0 1 16 7912 7994 0.989742
0 0 2 0 0 0 0 1 11 165092 219700 0.751443
0 1 0 3 0 0 0 0 4 129 129 1
2 1 0 1 1 1 0 0 10 567 567 1
4 1 2 0 0 0 0 1 8 78 78 1
1 0 1 2 0 0 0 0 2 1711 1930 0.886528
2 0 0 1 1 0 0 1 9 1172 1560 0.751282
1 0 1 0 2 0 0 0 6 5372 5803 0.925728
1 0 1 1 0 0 0 1 10 38812 51494 0.753719
3 1 0 3 0 0 0 0 10 607 607 1
1 1 1 0 1 0 0 1 9 8030 8074 0.99455
2 1 1 1 1 0 0 0 8 15488 15508 0.99871
2 1 1 0 0 0 1 1 12 37 37 1
2 1 0 1 0 1 0 1 13 496 497 0.997988
2 1 3 0 0 0 0 0 12 70908 70959 0.999281
3 1 3 0 0 0 0 0 13 16974 16976 0.999882
3 1 0 0 0 1 1 1 15 1 1 1
1 1 1 0 0 2 0 0 18 350 352 0.994318
2 1 0 3 0 0 0 0 18 4148 4168 0.995202
1 0 2 0 0 1 0 0 14 3285 3804 0.863565
2 1 0 0 1 2 0 0 14 38 38 1
0 1 0 0 0 1 0 2 13 35 35 1
0 0 1 0 1 1 0 0 12 6166 7386 0.834823
0 1 2 0 0 1 0 0 7 3649 3653 0.998905
2 0 0 1 2 0 0 0 13 627 727 0.862448
1 1 2 0 1 0 0 0 17 15179 15303 0.991897
2 0 0 1 2 0 0 0 11 897 1005 0.892537
1 1 2 0 1 0 0 0 16 19933 20067 0.993322
1 0 1 0 0 2 0 0 14 117 152 0.769737
2 0 1 1 0 1 0 0 10 2431 2655 0.915631
2 0 0 1 2 0 0 0 10 915 1003 0.912263
1 0 0 0 0 0 0 3 8 34 54 0.62963
2 1 1 0 0 0 1 1 16 30 30 1
0 0 3 0 0 0 0 0 7 2663524 2826262 0.942419
3 1 3 0 0 0 0 0 17 5855 5858 0.999488
2 0 0 2 1 0 0 0 10 2111 2225 0.948764
1 1 0 2 1 0 0 0 6 777 779 0.997433
0 0 1 0 0 1 1 0 17 3 4 0.75
3 1 0 3 0 0 0 0 18 1549 1549 1
1 1 0 1 0 2 0 0 14 74 75 0.986667
2 1 0 0 3 0 0 0 13 300 302 0.993377
3 1 0 1 1 0 1 0 14 4 4 1
2 0 1 1 0 0 1 0 8 16 18 0.888889
2 1 2 0 1 0 0 0 13 35647 35690 0.998795
1 0 1 0 0 0 1 1 12 29 47 0.617021
2 1 0 1 0 0 0 2 9 378 379 0.997361
0 0 1 0 1 1 0 0 16 1185 1462 0.810534
1 1 0 0 3 0 0 0 15 343 344 0.997093
0 0 0 2 0 1 0 0 12 2189 2622 0.834859
1 0 0 0 1 0 0 2 8 174 339 0.513274
3 0 0 0 2 0 0 1 11 22 27 0.814815
1 0 0 0 1 0 1 1 13 2 3 0.666667
3 0 0 0 1 1 0 1 16 14 16 0.875
1 1 1 0 1 1 0 0 18 2603 2639 0.986358
0 0 0 0 0 2 0 1 16 11 13 0.846154
1 0 1 0 2 0 0 0 15 2459 2991 0.822133
2 1 2 0 0 0 0 1 12 42606 42657 0.998804
2 0 0 1 0 2 0 0 17 14 18 0.777778
2 1 0 2 1 0 0 0 4 11 11 1
2 1 2 0 0 0 0 1 7 11882 11901 0.998403
1 1 2 0 1 0 0 0 9 53971 54139 0.996897
2 0 0 1 1 1 0 0 15 164 205 0.8
2 0 2 0 0 0 0 1 6 9301 11101 0.837852
1 1 2 0 1 0 0 0 8 44811 44967 0.996531
1 0 0 1 1 0 0 1 16 1424 2140 0.665421
2 0 0 1 1 1 0 0 12 278 319 0.871473
2 1 0 0 0 1 0 2 14 46 46 1
1 0 1 0 2 0 0 0 7 8130 8834 0.920308
1 0 1 1 0 0 0 1 11 34754 46397 0.749057
1 1 1 0 1 0 0 1 8 4912 4957 0.990922
0 1 0 1 0 1 1 0 10 3 3 1
3 0 0 2 1 0 0 0 15 104 115 0.904348
2 1 0 0 2 1 0 0 16 157 157 1
0 0 0 0 0 0 1 2 12 4 4 1
2 0 0 1 1 0 0 1 11 1437 1955 0.735038
3 1 2 1 0 0 0 0 18 13259 13264 0.999623
0 0 0 0 0 3 0 0 8 7 8 0.875
1 0 0 0 1 2 0 0 15 7 11 0.636364
0 1 1 2 0 0 0 0 4 2647 2650 0.998868
1 0 0 0 0 1 0 2 13 55 89 0.617978
3 0 1 0 0 1 0 1 10 50 67 0.746269
0 1 1 0 1 0 0 1 13 7475 7501 0.996534
1 1 0 1 0 2 0 0 18 181 182 0.994505
3 1 1 1 1 0 0 0 18 8681 8687 0.999309
1 0 1 0 1 0 0 1 6 4335 6282 0.690067
0 0 0 1 2 0 0 0 2 103 126 0.81746
0 1 3 0 0 0 0 0 17 5118 5134 0.996884
0 1 0 0 2 0 0 1 7 97 97 1
3 1 1 1 1 0 0 0 14 6277 6278 0.999841
2 0 0 0 0 1 1 1 15 1 1 1
0 1 1 0 0 0 0 2 11 2159 2164 0.997689
0 1 1 1 0 0 0 1 6 3209 3214 0.998444
1 1 0 0 1 1 1 0 8 1 1 1
0 1 1 1 1 0 0 0 7 12653 12675 0.998264
1 0 0 2 0 0 0 1 11 5019 6874 0.730143
1 0 1 2 0 0 0 0 17 4673 5527 0.845486
0 1 0 2 0 0 0 1 7 754 756 0.997354
0 0 0 0 0 1 1 1 5 0 1 0
0 1 3 0 0 0 0 0 15 12414 12427 0.998954
1 0 1 2 0 0 0 0 16 6954 7938 0.876039
0 0 1 0 2 0 0 0 17 1795 2263 0.793195
0 1 0 2 0 0 0 1 6 385 385 1
0 0 0 1 2 0 0 0 16 1505 1801 0.835647
1 1 0 1 1 0 0 1 18 3360 3410 0.985337
1 1 1 1 0 0 0 1 7 8176 8231 0.993318
2 0 0 1 1 1 0 0 13 235 264 0.890152
1 0 0 1 1 0 0 1 17 988 1537 0.642811
3 1 1 1 0 0 0 1 5 54 54 1
1 0 2 0 1 0 0 0 16 6758 7928 0.852422
2 0 2 0 0 1 0 0 8 3996 4215 0.948043
2 0 0 2 0 0 1 0 18 8 11 0.727273
4 1 2 0 0 1 0 0 15 62 62 1
0 0 1 1 0 1 0 0 7 25357 30003 0.845149
0 0 2 0 1 0 0 0 17 6097 7489 0.814127
2 1 0 1 0 0 0 2 17 470 471 0.997877
3 1 0 1 0 0 1 1 18 12 12 1
1 1 0 2 0 1 0 0 17 858 872 0.983945
0 0 0 0 1 0 0 2 14 604 1039 0.581328
3 0 0 0 3 0 0 0 6 1 1 1
3 1 0 0 3 0 0 0 16 83 84 0.988095
1 1 0 0 2 1 0 0 13 193 196 0.984694
3 0 2 0 1 0 0 0 16 441 484 0.911157
2 0 0 0 0 2 0 1 9 6 8 0.75
1 0 1 1 0 1 0 0 11 5798 6615 0.876493
3 1 1 1 0 1 0 0 14 1301 1301 1
3 0 2 0 1 0 0 0 13 884 937 0.943436
3 0 0 0 3 0 0 0 9 9 9 1
3 1 1 0 0 2 0 0 18 166 166 1
1 1 0 0 2 1 0 0 18 373 376 0.992021
0 0 1 0 0 0 1 1 18 11 17 0.647059
2 0 1 0 2 0 0 0 14 1482 1726 0.858633
3 1 3 0 0 0 0 0 8 23430 23434 0.999829
2 0 0 0 0 2 0 1 6 1 1 1
1 0 1 1 0 1 0 0 14 2588 3061 0.845475
1 1 0 1 0 1 1 0 10 5 5 1
4 1 2 0 0 0 1 0 14 2 2 1
2 0 1 1 0 1 0 0 3 5 7 0.714286
0 1 2 0 0 1 0 0 13 5024 5038 0.997221
3 0 2 1 0 0 0 0 7 3117 3151 0.98921
0 0 0 0 1 2 0 0 3 1 1 1
3 1 1 1 0 1 0 0 16 1072 1073 0.999068
3 0 2 0 1 0 0 0 15 571 629 0.90779
2 0 0 0 0 2 0 1 12 4 7 0.571429
0 0 0 2 0 0 1 0 17 6 9 0.666667
3 1 1 0 0 2 0 0 13 49 49 1
1 1 1 0 0 0 0 2 9 1921 1934 0.993278
2 0 0 0 0 2 0 1 8 4 4 1
1 0 1 1 0 1 0 0 12 4576 5372 0.851824
1 0 1 0 0 2 0 0 13 160 201 0.79602
2 0 1 1 0 1 0 0 11 2206 2450 0.900408
0 0 0 1 1 1 0 0 11 2459 3022 0.8137
0 1 1 0 0 0 0 2 16 1007 1017 0.990167
3 1 1 1 1 0 0 0 11 6961 6962 0.999856
0 0 0 3 0 0 0 0 2 1898 2151 0.88238
3 0 0 0 1 1 0 1 10 5 5 1
1 1 1 0 1 1 0 0 12 3042 3056 0.995419
2 0 1 0 0 0 0 2 9 1190 1847 0.644288
4 1 0 0 2 0 0 1 17 5 5 1
4 1 0 3 0 0 0 0 9 3 3 1
1 0 1 0 1 1 0 0 11 2610 3109 0.839498
0 0 0 1 1 1 0 0 10 2797 3367 0.83071
4 1 2 0 1 0 0 0 7 37 37 1
0 0 2 0 1 0 0 0 18 2607 3847 0.677671
3 0 0 1 1 0 0 1 11 109 147 0.741497
2 1 0 1 1 0 0 1 12 3029 3036 0.997694
0 1 0 0 1 1 1 0 14 1 1 1
0 0 0 0 0 1 0 2 12 119 234 0.508547
3 1 1 2 0 0 0 0 8 4037 4038 0.999752
3 1 2 1 0 0 0 0 4 255 255 1
3 1 1 1 0 0 1 0 16 30 30 1
2 1 0 0 1 1 0 1 7 13 13 1
1 0 1 0 0 0 0 2 3 13 18 0.722222
0 0 1 2 0 0 0 0 18 3166 4657 0.679837
2 1 0 1 1 0 0 1 15 2775 2789 0.99498
3 1 0 0 1 0 0 2 16 68 68 1
0 1 1 0 1 1 0 0 14 1505 1508 0.998011
0 1 1 0 2 0 0 0 12 5323 5335 0.997751
1 1 0 1 1 1 0 0 7 151 152 0.993421
4 1 1 1 0 0 1 0 9 1 1 1
0 0 1 1 0 0 1 0 2 3 8 0.375
1 0 3 0 0 0 0 0 9 261847 270468 0.968126
1 0 0 1 0 0 1 1 9 5 7 0.714286
3 1 1 1 1 0 0 0 8 3166 3166 1
3 0 1 0 0 2 0 0 10 3 4 0.75
2 1 1 1 0 1 0 0 10 4238 4245 0.998351
0 1 0 2 1 0 0 0 10 3562 3575 0.996364
3 1 1 1 1 0 0 0 7 1649 1649 1
2 1 2 0 1 0 0 0 9 40161 40204 0.99893
4 1 1 0 0 0 0 2 17 24 24 1
2 1 1 1 0 1 0 0 9 3390 3396 0.998233
3 0 2 0 0 0 0 1 18 1089 1330 0.818797
0 0 0 0 1 0 1 1 18 2 3 0.666667
1 0 2 0 0 0 0 1 5 29202 39902 0.731843
3 0 2 0 0 0 0 1 17 878 1042 0.84261
0 1 0 1 1 0 0 1 15 2193 2204 0.995009
1 1 0 1 2 0 0 0 14 2296 2305 0.996095
2 0 2 0 0 0 1 0 5 5 6 0.833333
0 0 2 1 0 0 0 0 12 241641 259610 0.930785
1 1 1 1 1 0 0 0 12 33811 33916 0.996904
1 1 0 1 1 0 0 1 17 2728 2759 0.988764
0 0 0 1 2 0 0 0 15 2218 2663 0.832895
1 0 1 0 0 0 0 2 14 2522 4164 0.605668
3 0 0 1 1 0 0 1 12 135 163 0.828221
2 1 0 1 1 0 0 1 13 3161 3168 0.99779
2 1 0 1 0 1 1 0 11 2 2 1
3 1 0 2 1 0 0 0 17 1013 1013 1
0 1 2 0 0 0 1 0 8 46 46 1
3 0 2 0 1 0 0 0 7 1053 1066 0.987805
4 1 2 0 1 0 0 0 11 202 202 1
1 0 3 0 0 0 0 0 1 3830 4138 0.925568
2 0 0 3 0 0 0 0 7 1294 1323 0.97808
3 1 1 0 1 1 0 0 12 695 695 1
0 0 0 1 0 1 1 0 8 4 4 1
0 1 2 0 0 1 0 0 16 2291 2300 0.996087
3 1 1 1 0 1 0 0 13 1386 1386 1
3 0 2 0 1 0 0 0 12 1076 1116 0.964158
3 1 0 0 3 0 0 0 12 80 80 1
3 1 1 0 0 2 0 0 17 55 55 1
1 1 0 0 2 1 0 0 17 176 176 1
0 0 1 0 0 0 1 1 17 9 16 0.5625
2 0 1 0 2 0 0 0 13 1926 2201 0.875057
3 1 3 0 0 0 0 0 7 17366 17366 1
1 0 1 1 0 1 0 0 15 1847 2200 0.839545
0 1 0 1 1 0 0 1 11 2446 2451 0.99796
0 1 2 0 0 0 1 0 6 19 19 1
3 0 2 0 1 0 0 0 9 1435 1459 0.98355
0 1 0 1 1 0 1 0 11 9 9 1
2 1 0 1 1 0 1 0 13 17 17 1
1 0 2 0 0 0 1 0 14 46 49 0.938776
1 0 2 0 0 0 0 1 13 31514 42284 0.745294
0 0 2 0 1 0 0 0 2 66573 75130 0.886104
1 1 1 0 2 0 0 0 5 389 390 0.997436
0 0 0 3 0 0 0 0 11 14625 16139 0.90619
0 1 0 0 3 0 0 0 3 2 2 1
0 1 1 0 1 0 0 1 8 3839 3847 0.99792
0 1 1 0 0 1 0 1 7 283 284 0.996479
2 1 0 1 2 0 0 0 6 143 143 1
1 0 0 3 0 0 0 0 8 5808 6113 0.950106
0 0 0 0 1 0 1 1 4 1 1 1
2 0 1 1 0 0 0 1 10 13444 16997 0.790963
0 1 2 0 1 0 0 0 17 6903 6919 0.997688
2 0 2 0 0 0 0 1 18 2632 3986 0.660311
1 1 0 0 2 0 0 1 4 1 1 1
0 0 0 0 0 1 0 2 14 106 161 0.658385
0 0 0 3 0 0 0 0 1 274 318 0.861635
0 0 0 2 1 0 0 0 9 27666 31373 0.881841
4 1 0 0 2 0 1 0 15 1 1 1
1 0 0 3 0 0 0 0 7 5365 5653 0.949054
1 1 1 1 0 1 0 0 13 5789 5821 0.994503
0 1 0 0 3 0 0 0 10 247 247 1
0 1 1 0 0 0 1 1 14 13 13 1
1 0 0 2 0 1 0 0 9 916 1052 0.870722
1 1 0 0 0 2 0 1 7 4 5 0.8
2 0 1 2 0 0 0 0 16 3284 3659 0.897513
2 1 0 0 2 1 0 0 5 1 1 1
3 0 1 0 2 0 0 0 8 93 93 1
2 1 1 2 0 0 0 0 15 18787 18812 0.998671
2 0 2 1 0 0 0 0 17 4320 4777 0.904333
1 1 1 1 0 0 0 1 10 28017 28174 0.994427
1 0 1 0 0 0 0 2 15 1831 3036 0.603096
1 0 2 0 0 0 0 1 7 65379 86783 0.753362
3 0 2 0 0 0 0 1 11 1743 2026 0.860316
1 0 0 2 1 0 0 0 6 3710 3987 0.930524
3 1 0 1 0 0 0 2 17 182 182 1
1 0 0 2 1 0 0 0 5 1902 2042 0.93144
3 1 0 1 0 0 0 2 16 218 218 1
2 0 2 0 1 0 0 0 16 3755 4285 0.876313
0 0 1 0 1 0 0 1 10 44646 64481 0.69239
1 0 2 0 1 0 0 0 6 90428 95625 0.945652
1 0 0 2 1 0 0 0 4 708 774 0.914729
0 0 1 0 1 0 0 1 16 5404 7763 0.696123
0 1 2 1 0 0 0 0 16 16731 16774 0.997437
3 1 2 0 0 0 0 1 16 7046 7051 0.999291
3 0 2 0 1 0 0 0 18 532 593 0.897133
3 1 1 1 0 1 0 0 11 1239 1239 1
2 0 0 1 0 2 0 0 10 18 26 0.692308
3 1 2 1 0 0 0 0 15 13657 13659 0.999854
3 1 1 1 0 1 0 0 8 458 458 1
0 1 1 1 0 0 1 0 8 41 41 1
1 1 2 0 0 0 0 1 12 50339 50559 0.995649
0 1 0 0 1 2 0 0 17 27 27 1
1 0 0 0 1 1 0 1 8 120 183 0.655738
3 1 1 2 0 0 0 0 16 4814 4815 0.999792
2 0 0 0 2 0 1 0 16 1 1 1
3 0 0 2 0 0 1 0 10 2 2 1
3 0 1 0 1 1 0 0 7 19 19 1
3 1 1 0 0 0 2 0 17 1 1 1
1 0 0 0 0 0 0 3 5 0 2 0
0 1 0 0 2 1 0 0 17 107 107 1
0 0 0 1 0 2 0 0 8 185 239 0.774059
3 0 2 0 1 0 0 0 17 356 401 0.887781
3 1 1 1 0 1 0 0 10 1090 1090 1
0 0 1 0 0 1 0 1 15 1474 2159 0.682723
2 0 3 0 0 0 0 0 13 17731 18023 0.983798
0 0 1 0 1 1 0 0 14 2956 3602 0.820655
0 1 0 1 1 1 0 0 14 573 573 1
0 0 0 1 0 2 0 0 7 122 163 0.748466
3 1 2 1 0 0 0 0 16 11169 11171 0.999821
3 1 1 1 0 1 0 0 9 809 809 1
1 0 0 2 0 0 0 1 5 725 1045 0.69378
1 1 0 0 2 1 0 0 8 71 74 0.959459
2 0 0 1 0 2 0 0 12 21 26 0.807692
3 1 2 1 0 0 0 0 13 19173 19175 0.999896
0 1 0 0 3 0 0 0 5 11 11 1
3 1 1 1 0 1 0 0 6 70 71 0.985915
3 0 0 2 0 0 1 0 12 3 3 1
4 1 1 0 0 1 0 1 11 9 9 1
3 0 1 0 1 1 0 0 9 43 49 0.877551
2 1 2 0 1 0 0 0 10 44654 44697 0.999038
4 1 1 0 0 2 0 0 9 1 1 1
3 0 2 0 0 0 0 1 9 1422 1607 0.884879
1 0 0 0 2 0 1 0 16 1 1 1
0 1 1 1 0 0 1 0 9 53 54 0.981481
1 1 2 0 0 0 0 1 11 52386 52617 0.99561
0 0 0 1 0 1 1 0 10 5 6 0.833333
0 0 2 0 0 0 1 0 9 644 734 0.877384
1 0 1 0 1 1 0 0 5 483 558 0.865591
2 1 2 0 1 0 0 0 7 19945 19961 0.999198
2 1 0 0 0 2 1 0 18 1 1 1
1 0 1 0 0 0 1 1 13 21 35 0.6
2 1 0 1 0 0 0 2 8 171 171 1
2 0 1 0 0 0 1 1 14 13 17 0.764706
0 0 0 0 1 0 0 2 12 1052 1831 0.574549
1 1 0 2 0 1 0 0 11 947 951 0.995794
3 0 2 0 0 0 0 1 6 325 352 0.923295
2 0 2 0 1 0 0 0 15 5549 6226 0.891262
2 0 2 0 1 0 0 0 12 16166 17205 0.939611
2 1 0 3 0 0 0 0 11 2891 2897 0.997929
3 0 3 0 0 0 0 0 5 2477 2529 0.979439
2 0 2 0 0 1 0 0 11 3722 4096 0.908691
3 1 0 2 0 1 0 0 15 225 226 0.995575
1 1 0 2 0 0 0 1 14 4923 4955 0.993542
1 0 0 1 2 0 0 0 16 751 948 0.792194
2 1 1 1 0 1 0 0 5 124 124 1
0 1 0 1 1 0 1 0 9 13 13 1
3 0 3 0 0 0 0 0 7 5191 5250 0.988762
2 1 0 3 0 0 0 0 13 2837 2841 0.998592
3 0 0 0 0 0 0 3 18 3 3 1
0 0 1 1 1 0 0 0 17 7464 9205 0.810864
0 1 1 1 1 0 0 0 12 21471 21513 0.998048
0 0 0 1 1 1 0 0 8 2559 3152 0.811865
3 0 1 0 1 1 0 0 11 63 66 0.954545
0 1 1 1 1 0 0 0 13 18359 18405 0.997501
0 0 0 1 1 1 0 0 9 2796 3425 0.81635
4 1 0 1 0 1 0 1 11 2 2 1
1 0 0 1 0 2 0 0 17 19 28 0.678571
0 0 0 1 1 0 0 1 13 7480 10769 0.694586
1 0 2 1 0 0 0 0 16 12323 13675 0.901133
3 0 1 0 0 2 0 0 11 1 1 1
2 1 1 1 0 1 0 0 15 3889 3896 0.998203
0 0 1 0 2 0 0 0 2 766 965 0.793782
3 1 1 1 0 0 0 1 13 7056 7058 0.999717
1 1 1 0 0 0 1 1 17 20 20 1
2 0 0 0 1 0 0 2 11 178 283 0.628975
3 0 1 0 1 1 0 0 16 68 81 0.839506
0 0 2 0 0 1 0 0 4 17388 21587 0.805485
1 0 2 0 1 0 0 0 18 2701 3756 0.719116
2 1 1 0 1 0 0 1 6 572 572 1
3 1 1 0 0 1 0 1 5 2 2 1
1 0 1 0 0 1 0 1 15 799 1191 0.670865
3 0 1 1 0 0 0 1 8 471 525 0.897143
0 0 0 2 0 0 0 1 15 4979 6909 0.720654
1 1 1 0 1 0 0 1 6 914 917 0.996728
3 1 0 3 0 0 0 0 15 695 695 1
0 0 1 0 0 2 0 0 12 579 698 0.829513
0 1 0 3 0 0 0 0 14 2069 2072 0.998552
3 0 0 0 1 0 1 1 14 0 1 0
2 1 0 1 0 2 0 0 10 34 34 1
0 1 0 0 0 1 0 2 17 17 17 1
2 1 0 0 1 2 0 0 18 108 110 0.981818
1 0 2 0 0 1 0 0 7 11745 12947 0.90716
1 0 0 2 0 1 0 0 13 556 681 0.816446
1 0 2 0 1 0 0 0 17 4040 4847 0.833505
1 1 1 0 1 0 0 1 5 255 258 0.988372
0 1 0 2 0 1 0 0 9 509 511 0.996086
3 1 0 3 0 0 0 0 14 749 749 1
2 1 1 0 1 0 0 1 8 3541 3548 0.998027
1 1 1 0 1 0 0 1 4 47 47 1
0 1 0 2 0 1 0 0 8 372 372 1
3 1 0 3 0 0 0 0 13 741 741 1
4 1 1 1 0 0 1 0 15 2 2 1
0 1 0 0 1 1 0 1 13 166 166 1
1 1 2 0 1 0 0 0 14 32974 33109 0.995923
3 0 0 1 0 1 1 0 13 1 1 1
2 0 0 1 1 0 0 1 16 810 1177 0.68819
2 1 1 0 2 0 0 0 16 4024 4030 0.998511
3 1 0 2 0 0 1 0 6 1 1 1
1 1 2 0 1 0 0 0 13 41043 41190 0.996431
1 0 0 0 2 1 0 0 15 75 91 0.824176
2 0 1 0 0 1 0 1 9 598 817 0.731946
2 1 1 0 2 0 0 0 13 6156 6168 0.998054
3 1 0 2 0 0 1 0 5 1 1 1
1 1 2 0 1 0 0 0 10 57661 57853 0.996681
3 0 1 0 0 0 1 1 8 1 1 1
0 1 1 1 0 0 0 1 15 12607 12647 0.996837
0 0 0 0 2 0 1 0 5 2 2 1
3 1 1 0 0 0 1 1 13 11 11 1
0 1 1 0 1 1 0 0 8 1084 1085 0.999078
2 0 1 2 0 0 0 0 12 10774 11227 0.959651
0 0 0 1 0 2 0 0 4 8 15 0.533333
3 1 1 0 2 0 0 0 11 1603 1604 0.999377
2 1 0 0 0 2 0 1 9 2 2 1
2 0 1 1 1 0 0 0 15 4699 5415 0.867775
1 1 0 1 0 1 0 1 13 628 638 0.984326
2 0 2 0 0 0 0 1 11 22351 27728 0.80608
0 0 0 1 0 0 0 2 14 1865 3057 0.610075
3 1 2 1 0 0 0 0 6 5304 5304 1
0 1 1 2 0 0 0 0 11 22831 22864 0.998557
0 1 0 0 0 0 0 3 16 15 15 1
2 1 1 1 1 0 0 0 18 21233 21311 0.99634
0 0 0 2 0 0 0 1 11 15773 22037 0.715751
2 1 0 0 1 0 0 2 13 376 379 0.992084
2 1 0 1 0 0 1 1 15 12 12 1
0 0 1 0 1 0 1 0 13 76 93 0.817204
2 0 0 0 1 0 0 2 13 155 266 0.582707
1 0 0 1 0 0 0 2 8 725 1210 0.599174
0 1 0 0 0 0 0 3 13 24 24 1
2 1 1 1 1 0 0 0 17 14001 14022 0.998502
2 1 0 0 1 0 0 2 12 355 355 1
0 0 1 0 0 0 0 2 5 1944 3634 0.534948
2 0 1 1 0 0 0 1 15 6106 8417 0.725437
3 1 1 1 0 0 1 0 7 4 4 1
0 0 1 0 1 0 0 1 17 2834 4264 0.664634
2 0 0 0 1 0 0 2 9 105 159 0.660377
3 1 1 1 1 0 0 0 17 4542 4543 0.99978
0 1 0 0 2 0 0 1 8 177 178 0.994382
1 1 1 0 1 0 0 1 18 6123 6212 0.985673
1 1 1 0 1 0 0 1 17 6302 6372 0.989014
1 1 1 0 1 0 1 0 11 53 54 0.981481
4 1 0 3 0 0 0 0 12 15 15 1
1 0 1 1 0 0 0 1 6 17724 24327 0.728573
1 1 1 0 1 0 0 1 7 2505 2524 0.992472
3 1 0 3 0 0 0 0 16 697 697 1
3 1 1 1 0 0 0 1 4 4 4 1
1 0 1 0 0 1 1 0 5 1 1 1
1 0 2 0 1 0 0 0 15 10923 12522 0.872305
1 0 0 1 0 2 0 0 10 68 82 0.829268
3 1 0 1 2 0 0 0 12 512 512 1
2 1 0 0 3 0 0 0 5 2 2 1
0 1 0 0 1 1 0 1 5 4 4 1
0 1 0 1 2 0 0 0 9 1368 1369 0.99927
2 0 1 1 0 0 0 1 6 3497 4274 0.818203
1 1 0 1 2 0 0 0 13 2508 2516 0.99682
0 1 0 1 1 0 0 1 16 1821 1831 0.994539
1 1 1 1 0 0 0 1 9 21910 22012 0.995366
1 0 2 0 0 0 1 0 9 127 142 0.894366
2 0 0 1 1 1 0 0 11 291 329 0.884498
1 0 0 1 1 0 0 1 15 1921 2861 0.671444
2 1 1 1 0 1 0 0 14 4448 4456 0.998205
0 0 1 0 2 0 0 0 3 3363 4007 0.839281
3 1 1 1 0 0 0 1 12 7061 7062 0.999858
2 1 1 1 0 0 1 0 13 95 95 1
3 0 1 1 0 1 0 0 17 91 105 0.866667
0 0 0 0 3 0 0 0 14 429 512 0.837891
0 0 2 0 0 0 1 0 14 122 141 0.865248
1 0 0 2 0 0 0 1 7 2887 3984 0.724649
3 0 1 0 0 0 1 1 9 1 3 0.333333
0 1 1 1 0 0 0 1 16 9886 9923 0.996271
3 0 2 0 0 0 1 0 13 7 8 0.875
1 1 0 1 0 0 0 2 14 1197 1200 0.9975
0 1 1 1 0 0 0 1 14 15383 15426 0.997212
2 1 0 1 1 0 1 0 7 2 2 1
3 0 2 0 0 0 1 0 15 7 8 0.875
1 1 0 1 0 0 0 2 12 1249 1255 0.995219
1 1 1 2 0 0 0 0 12 32968 33039 0.997851
4 1 0 2 1 0 0 0 9 6 6 1
0 0 0 0 1 0 0 2 9 947 1746 0.542383
0 1 0 1 1 0 0 1 14 2455 2463 0.996752
1 1 0 1 2 0 0 0 15 2153 2159 0.997221
2 0 2 0 0 0 1 0 4 2 2 1
0 0 2 1 0 0 0 0 13 141949 153646 0.92387
3 0 0 0 2 0 0 1 15 34 39 0.871795
0 0 2 0 1 0 0 0 7 537153 592326 0.906854
1 0 2 0 0 0 0 1 16 8981 12695 0.707444
2 1 1 1 0 0 1 0 9 55 55 1
1 1 1 1 1 0 0 0 15 22372 22501 0.994267
0 1 1 1 0 1 0 0 18 1926 1934 0.995863
3 1 0 0 1 1 0 1 8 11 11 1
0 0 2 0 0 1 0 0 15 4613 5366 0.859672
3 0 0 0 0 1 0 2 15 7 7 1
1 1 0 0 1 0 0 2 17 215 219 0.981735
0 0 2 0 0 1 0 0 17 1322 1626 0.813038
0 1 1 1 0 1 0 0 16 2216 2221 0.997749
1 1 0 0 1 0 0 2 15 370 372 0.994624
4 1 2 0 0 1 0 0 7 7 7 1
2 0 0 2 0 0 0 1 8 1204 1475 0.816271
3 0 1 1 0 0 0 1 5 29 31 0.935484
3 1 0 1 0 0 1 1 15 5 5 1
1 1 0 2 0 1 0 0 18 1498 1518 0.986825
0 0 0 0 1 0 0 2 13 819 1397 0.586256
1 0 1 1 0 0 0 1 13 22474 30989 0.725225
2 0 0 1 1 0 0 1 4 10 14 0.714286
1 0 1 0 2 0 0 0 5 2658 2867 0.927101
2 0 1 0 0 0 1 1 13 13 18 0.722222
0 0 0 0 1 0 0 2 11 1187 2044 0.580724
1 0 1 0 0 1 1 0 8 6 9 0.666667
0 0 0 1 0 2 0 0 10 201 268 0.75
2 1 0 0 2 0 0 1 13 594 595 0.998319
0 0 1 0 1 1 0 0 8 10437 12694 0.822199
0 0 0 1 0 2 0 0 13 133 156 0.852564
2 1 0 0 2 0 0 1 12 629 629 1
2 1 0 2 0 0 0 1 11 3627 3636 0.997525
2 1 0 1 0 2 0 0 13 54 54 1
2 1 1 1 0 0 0 1 8 10299 10316 0.998352
2 0 0 1 1 0 1 0 9 2 3 0.666667
1 1 0 0 2 0 1 0 18 11 11 1
1 0 0 0 0 1 0 2 10 34 60 0.566667
1 0 0 1 1 0 0 1 11 3907 5550 0.703964
1 1 0 0 1 1 1 0 11 1 1 1
2 1 0 2 1 0 0 0 15 3608 3614 0.99834
1 1 1 1 0 0 0 1 5 1111 1114 0.997307
1 1 1 0 0 0 0 2 12 3958 3979 0.994722
1 1 1 0 1 0 1 0 13 57 58 0.982759
4 1 0 3 0 0 0 0 10 11 11 1
1 0 1 1 0 0 0 1 4 3293 4804 0.68547
0 0 0 2 0 0 0 1 3 753 1299 0.579677
3 0 0 3 0 0 0 0 18 76 88 0.863636
2 1 1 1 1 0 0 0 9 21446 21474 0.998696
0 0 1 0 1 0 0 1 3 1780 3044 0.584757
4 1 0 1 0 1 0 1 10 1 1 1
1 0 1 0 1 0 1 0 3 1 1 1
1 1 3 0 0 0 0 0 16 18925 19030 0.994482
1 1 0 2 1 0 0 0 15 4665 4696 0.993399
0 0 0 2 1 0 0 0 1 67 85 0.788235
0 0 0 0 1 1 0 1 9 514 838 0.613365
0 0 0 0 0 0 0 3 14 114 190 0.6
0 0 1 0 1 0 0 1 2 396 655 0.60458
1 1 2 1 0 0 0 0 13 73525 73736 0.997138
4 1 1 0 1 0 0 1 10 42 42 1
1 0 2 1 0 0 0 0 10 164143 170609 0.9621
1 1 3 0 0 0 0 0 15 27730 27842 0.995977
1 1 0 2 1 0 0 0 14 4848 4864 0.996711
1 0 3 0 0 0 0 0 5 694483 728564 0.953222
0 1 0 0 2 0 0 1 15 438 439 0.997722
0 0 1 1 0 0 1 0 6 179 212 0.84434
0 0 0 0 0 0 0 3 13 152 286 0.531469
3 0 0 2 1 0 0 0 9 96 101 0.950495
2 1 0 1 1 0 0 1 17 2240 2252 0.994671
2 1 0 1 1 0 0 1 16 2558 2568 0.996106
2 1 0 1 1 0 1 0 14 12 12 1
3 0 0 0 2 0 0 1 17 35 36 0.972222
0 1 0 1 1 0 1 0 12 7 7 1
1 1 1 0 2 0 0 0 6 1166 1170 0.996581
0 0 2 0 1 0 0 0 1 10849 12911 0.840291
0 0 0 3 0 0 0 0 12 10657 11880 0.897054
3 1 1 0 0 2 0 0 8 19 19 1
3 1 0 2 1 0 0 0 12 1142 1142 1
0 1 2 1 0 0 0 0 4 18909 18945 0.9981
3 1 0 2 1 0 0 0 15 1048 1049 0.999047
0 1 2 1 0 0 0 0 3 7077 7082 0.999294
1 0 0 2 0 1 0 0 11 845 982 0.860489
2 1 0 0 1 2 0 0 16 36 36 1
1 0 2 0 0 1 0 0 9 13258 14641 0.905539
0 1 2 0 0 0 0 1 2 39 39 1
0 1 1 0 1 1 0 0 11 2077 2087 0.995208
3 1 0 0 1 0 0 2 11 91 91 1
2 0 0 1 0 0 0 2 7 94 146 0.643836
0 0 0 1 1 0 0 1 16 2423 3444 0.703542
0 0 0 1 0 1 0 1 3 11 27 0.407407
0 0 2 0 0 0 0 1 1 9649 15104 0.638837
0 0 1 1 0 0 0 1 18 2232 4011 0.55647
1 0 2 0 0 1 0 0 17 836 1046 0.799235
3 0 0 0 2 1 0 0 14 7 9 0.777778
3 0 2 1 0 0 0 0 13 1496 1523 0.982272
1 0 1 1 1 0 0 0 16 6873 8183 0.839912
0 1 1 2 0 0 0 0 18 6316 6336 0.996843
1 1 0 0 0 1 0 2 17 26 28 0.928571
1 0 1 1 1 0 0 0 15 9922 11576 0.857118
3 0 0 0 2 1 0 0 15 6 7 0.857143
3 0 2 1 0 0 0 0 14 1130 1161 0.973299
1 0 1 1 1 0 0 0 4 8892 9643 0.92212
0 1 1 2 0 0 0 0 17 8453 8479 0.996934
0 1 0 0 2 0 0 1 10 436 437 0.997712
3 0 0 0 2 1 0 0 16 5 8 0.625
3 0 2 1 0 0 0 0 11 2613 2640 0.989773
1 1 0 0 0 1 0 2 14 50 50 1
1 0 1 1 1 0 0 0 10 44759 48341 0.925901
0 1 1 2 0 0 0 0 9 23903 23947 0.998163
0 1 1 2 0 0 0 0 16 10330 10356 0.997489
0 1 0 0 2 0 0 1 11 539 539 1
3 0 0 0 2 1 0 0 17 4 4 1
3 0 2 1 0 0 0 0 12 2051 2076 0.987958
3 0 1 1 1 0 0 0 6 198 200 0.99
1 0 2 0 0 1 0 0 18 647 900 0.718889
0 0 0 0 1 1 0 1 6 111 229 0.484716
1 0 0 2 0 0 0 1 15 2379 3417 0.696225
0 1 1 1 0 0 1 0 6 13 13 1
1 1 0 0 0 2 0 1 17 8 8 1
1 1 2 0 0 0 0 1 14 37202 37401 0.994679
1 1 0 2 1 0 0 0 11 5496 5511 0.997278
1 1 0 2 1 0 0 0 10 4973 4996 0.995396
1 1 0 3 0 0 0 0 9 3143 3151 0.997461
2 1 1 1 1 0 0 0 4 195 195 1
3 0 1 1 0 1 0 0 6 33 34 0.970588
3 0 0 2 0 0 0 1 13 140 191 0.732984
1 0 1 0 0 0 0 2 10 4398 7190 0.611683
1 0 0 2 0 1 0 0 10 906 1032 0.877907
2 1 0 0 1 2 0 0 15 34 35 0.971429
1 0 2 0 0 1 0 0 8 13328 14715 0.905742
0 1 1 0 0 2 0 0 14 144 144 1
4 1 0 1 0 0 0 2 15 5 5 1
1 1 0 0 1 1 0 1 16 198 201 0.985075
0 1 0 0 1 0 0 2 11 201 201 1
0 0 1 0 0 0 0 2 17 632 1171 0.53971
0 1 0 2 0 0 0 1 9 2028 2034 0.99705
0 0 1 0 2 0 0 0 16 3158 3808 0.829307
0 1 0 2 0 0 0 1 4 23 23 1
1 0 1 2 0 0 0 0 14 14407 15826 0.910337
0 0 1 0 2 0 0 0 15 5317 6312 0.842364
0 0 1 0 1 1 0 0 5 3194 4105 0.778076
1 1 2 0 0 1 0 0 8 6407 6435 0.995649
2 1 0 0 2 0 0 1 11 545 547 0.996344
0 0 1 0 2 0 0 0 14 8512 10041 0.847724
0 0 1 0 2 0 0 0 13 13007 15429 0.843023
0 0 0 0 1 1 0 1 7 250 431 0.580046
0 1 1 1 1 0 0 0 6 7112 7128 0.997755
1 0 0 2 0 0 0 1 12 4445 6120 0.726307
0 1 2 1 0 0 0 0 13 41463 41542 0.998098
3 1 2 0 0 0 0 1 15 8732 8732 1
1 0 0 1 1 0 0 1 10 3878 5525 0.7019
1 0 1 0 1 0 0 1 15 4953 7207 0.687249
2 1 1 0 0 1 0 1 13 1759 1761 0.998864
2 1 1 0 0 1 0 1 12 1790 1793 0.998327
1 0 1 0 0 0 0 2 12 4128 6818 0.605456
0 0 0 1 2 0 0 0 17 950 1190 0.798319
0 0 3 0 0 0 0 0 15 21212 22883 0.926976
0 0 0 0 0 1 0 2 11 140 251 0.557769
1 1 2 0 1 0 0 0 6 17959 18049 0.995014
2 0 0 1 1 1 0 0 14 199 234 0.850427
1 0 0 1 1 0 0 1 18 806 1377 0.58533
0 0 1 0 0 1 0 1 7 3320 5600 0.592857
2 1 3 0 0 0 0 0 13 54923 54962 0.99929
0 0 0 1 0 0 0 2 9 3239 5701 0.568146
1 0 1 0 0 0 0 2 13 3394 5652 0.600495
1 1 1 0 1 0 1 0 6 3 3 1
2 1 2 0 1 0 0 0 12 41300 41342 0.998984
0 0 0 2 1 0 0 0 15 5094 5978 0.852124
3 0 2 1 0 0 0 0 15 863 897 0.962096
1 1 0 0 0 1 0 2 18 28 30 0.933333
1 0 1 1 1 0 0 0 14 14092 16211 0.869286
3 0 2 1 0 0 0 0 16 667 701 0.951498
2 0 0 0 0 1 1 1 12 0 1 0
1 0 1 1 1 0 0 0 13 19756 22163 0.891396
0 0 0 0 2 1 0 0 17 79 98 0.806122
1 1 1 1 0 1 0 0 6 810 813 0.99631
0 1 1 0 0 1 0 1 8 494 494 1
2 1 0 3 0 0 0 0 8 1601 1605 0.997508
3 1 1 0 1 1 0 0 11 638 638 1
3 1 2 0 0 0 0 1 9 7472 7472 1
0 1 1 0 2 0 0 0 7 2332 2337 0.997861
0 0 1 0 0 1 0 1 8 4703 7489 0.627988
3 1 1 0 0 0 1 1 18 24 24 1
0 1 0 1 1 1 0 0 13 615 618 0.995146
0 0 1 0 2 0 0 0 4 9425 11101 0.849023
2 1 1 1 0 1 0 0 13 4818 4828 0.997929
2 1 1 0 0 0 0 2 8 714 716 0.997207
1 1 0 0 1 1 1 0 7 1 1 1
1 0 0 2 0 0 0 1 10 5223 7120 0.733567
0 1 1 1 1 0 0 0 8 18212 18241 0.99841
1 1 0 1 0 0 0 2 9 501 506 0.990119
2 0 1 0 0 2 0 0 9 65 77 0.844156
0 1 1 0 1 1 0 0 18 1005 1013 0.992103
1 1 0 0 1 0 1 1 18 9 9 1
0 1 0 1 0 1 0 1 15 351 352 0.997159
1 1 1 0 0 1 0 1 7 311 314 0.990446
0 0 0 1 0 0 0 2 1 0 1 0
2 0 2 0 0 0 0 1 14 11064 14685 0.753422
1 0 1 0 0 1 1 0 6 2 2 1
2 1 1 0 0 0 1 1 7 5 5 1
2 0 2 0 0 0 0 1 3 179 227 0.788546
3 0 0 2 0 0 1 0 15 1 1 1
4 1 1 0 0 1 0 1 14 14 14 1
1 1 1 1 0 1 0 0 11 6336 6366 0.995287
1 1 2 1 0 0 0 0 12 89898 90114 0.997603
0 0 1 0 1 0 0 1 1 38 73 0.520548
1 0 2 0 0 1 0 0 16 1350 1639 0.823673
2 0 2 0 0 0 1 0 6 18 18 1
1 1 2 0 0 1 0 0 10 9733 9780 0.995194
3 0 0 0 2 0 0 1 16 32 38 0.842105
1 0 2 0 0 0 1 0 10 125 144 0.868056
0 0 2 0 1 0 0 0 6 546113 602053 0.907085
1 0 2 0 0 0 0 1 17 5193 7769 0.668426
1 1 1 1 1 0 0 0 14 26272 26373 0.99617
2 1 0 0 0 2 0 1 8 3 3 1
2 0 1 1 1 0 0 0 14 6173 6913 0.892955
3 1 2 0 0 1 0 0 10 1974 1974 1
3 0 1 1 0 0 1 0 12 2 3 0.666667
2 0 1 0 0 0 0 2 13 1536 2441 0.62925
0 0 0 1 0 2 0 0 16 52 62 0.83871
0 0 1 0 0 0 0 2 15 2926 4794 0.610346
3 1 0 2 1 0 0 0 4 1 1 1
4 1 2 1 0 0 0 0 12 378 378 1
0 0 1 1 0 0 0 1 2 4228 6649 0.635885
2 1 0 0 0 2 0 1 18 21 21 1
1 1 1 1 0 1 0 0 5 248 248 1
2 1 1 0 1 1 0 0 6 121 121 1
0 0 0 0 2 1 0 0 18 71 105 0.67619
2 0 0 1 0 1 0 1 6 15 22 0.681818
0 0 2 1 0 0 0 0 1 420443 462180 0.909695
1 1 0 1 1 0 0 1 13 4103 4142 0.990584
1 1 2 0 0 0 0 1 18 10537 10661 0.988369
2 0 0 1 0 1 0 1 7 48 63 0.761905
0 0 2 1 0 0 0 0 2 1524978 1641269 0.929146
1 1 0 1 1 0 0 1 14 3925 3957 0.991913
1 1 2 0 0 0 0 1 17 16250 16433 0.988864
3 1 0 1 1 1 0 0 6 6 6 1
0 0 0 2 0 1 0 0 6 1976 2449 0.80686
0 0 1 1 0 1 0 0 17 1472 1857 0.792676
2 1 0 1 2 0 0 0 7 356 356 1
3 0 1 2 0 0 0 0 14 459 475 0.966316
2 1 1 1 0 0 0 1 15 19868 19919 0.99744
0 1 2 0 0 0 1 0 5 9 10 0.9
2 1 2 0 1 0 0 0 5 3409 3413 0.998828
3 0 2 0 1 0 0 0 8 1327 1341 0.98956
2 1 0 0 0 0 0 3 9 16 16 1
0 1 0 1 1 0 0 1 12 2614 2629 0.994294
0 0 0 1 2 0 0 0 6 6485 7616 0.851497
1 0 0 1 0 0 0 2 17 333 549 0.606557
2 1 0 0 1 1 0 1 6 4 4 1
0 0 1 2 0 0 0 0 17 7569 9177 0.824779
1 0 1 0 0 0 0 2 6 814 1387 0.586878
3 0 0 3 0 0 0 0 10 78 80 0.975
0 0 0 1 0 0 0 2 3 28 50 0.56
2 0 2 0 0 0 0 1 16 5291 7381 0.716841
0 1 1 0 2 0 0 0 10 5696 5704 0.998597
3 0 1 0 1 1 0 0 17 54 67 0.80597
0 0 2 0 0 1 0 0 5 32363 39191 0.825776
1 1 1 0 0 0 1 1 18 37 37 1
2 0 0 0 1 0 0 2 12 173 281 0.615658
0 0 1 0 0 0 0 2 6 3978 7612 0.522596
2 0 1 1 0 0 0 1 16 4509 6368 0.708072
2 1 0 1 0 1 1 0 12 1 1 1
3 1 0 2 1 0 0 0 18 2415 2415 1
2 1 0 1 1 0 0 1 14 2999 3009 0.996677
2 0 0 0 1 1 0 1 18 68 106 0.641509
0 0 0 0 0 1 0 2 9 107 216 0.49537
0 1 0 2 0 1 0 0 17 482 482 1
1 0 1 0 2 0 0 0 12 6195 7170 0.864017
0 0 0 0 0 1 0 2 8 73 131 0.557252
0 1 0 2 0 1 0 0 18 673 674 0.998516
3 0 1 0 1 1 0 0 10 66 70 0.942857
0 1 1 1 1 0 0 0 18 7642 7681 0.994923
1 0 1 0 2 0 0 0 11 8056 9152 0.880245
0 1 2 0 0 0 0 1 17 7528 7572 0.994189
2 1 1 0 1 0 1 0 10 35 35 1
1 1 0 1 0 2 0 0 16 82 82 1
1 0 1 0 1 0 0 1 8 11172 15570 0.717534
0 1 1 1 0 0 0 1 5 1297 1302 0.99616
0 1 1 0 0 0 0 2 14 1769 1775 0.99662
1 0 0 1 0 0 2 0 16 1 1 1
0 0 1 0 0 2 0 0 9 797 1013 0.786772
0 1 1 1 0 1 0 0 8 2660 2664 0.998498
1 0 0 1 1 1 0 0 14 399 501 0.796407
1 1 0 0 1 0 2 0 13 1 1 1
0 1 1 0 1 0 0 1 10 7330 7345 0.997958
3 1 2 0 0 0 0 1 8 4666 4667 0.999786
0 0 1 0 0 1 0 1 6 2001 3461 0.578157
2 1 0 2 0 1 0 0 15 657 658 0.99848
1 0 2 0 0 1 0 0 4 1809 2073 0.872648
1 0 0 0 0 1 0 2 16 14 27 0.518519
0 1 0 3 0 0 0 0 18 1733 1737 0.997697
3 0 2 1 0 0 0 0 9 3501 3539 0.989263
3 0 2 1 0 0 0 0 8 3602 3636 0.990649
3 1 1 0 1 0 0 1 17 1904 1905 0.999475
1 1 0 2 0 0 0 1 17 3746 3793 0.987609
0 0 3 0 0 0 0 0 11 349599 366778 0.953162
4 1 0 1 0 1 0 1 12 4 4 1
1 0 0 1 0 2 0 0 18 28 36 0.777778
4 1 1 0 1 0 0 1 13 68 68 1
0 0 0 1 1 0 0 1 12 9691 13895 0.697445
1 0 2 1 0 0 0 0 15 19965 21746 0.9181
3 0 1 1 1 0 0 0 18 558 638 0.874608
2 0 2 1 0 0 0 0 3 4237 4560 0.929167
3 1 1 1 0 0 1 0 17 33 33 1
2 1 0 0 1 1 0 1 8 30 30 1
1 0 1 0 0 0 0 2 4 72 137 0.525547
0 0 1 2 0 0 0 0 15 23543 26766 0.879586
2 0 0 1 2 0 0 0 18 425 559 0.760286
0 1 0 0 3 0 0 0 15 206 206 1
2 0 1 1 0 1 0 0 18 758 977 0.775844
1 0 2 0 1 0 0 0 8 106323 112571 0.944497
0 1 0 2 0 0 0 1 13 3114 3125 0.99648
0 0 1 0 0 1 1 0 11 19 25 0.76
0 1 2 0 0 0 0 1 7 14555 14570 0.99897
3 0 0 2 0 0 0 1 11 124 155 0.8
0 1 3 0 0 0 0 0 1 1110 1110 1
2 1 0 2 0 1 0 0 7 125 125 1
0 0 1 2 0 0 0 0 1 15210 17240 0.882251
1 1 1 1 1 0 0 0 8 22836 22939 0.99551
3 0 0 2 0 1 0 0 17 28 34 0.823529
0 0 0 3 0 0 0 0 13 7628 8659 0.880933
2 0 0 2 0 1 0 0 7 115 122 0.942623
0 0 1 0 0 0 0 2 2 32 58 0.551724
2 0 1 1 0 0 0 1 12 11758 15341 0.766443
0 1 1 1 0 0 0 1 17 7571 7606 0.995398
0 1 2 0 0 0 0 1 14 18766 18834 0.99639
2 0 0 2 1 0 0 0 17 601 730 0.823288
1 1 0 1 0 0 1 1 10 7 7 1
1 0 0 0 2 0 0 1 13 560 827 0.677146
0 1 0 1 1 0 1 0 6 1 1 1
3 0 3 0 0 0 0 0 8 5269 5320 0.990414
1 1 1 0 0 2 0 0 16 200 204 0.980392
3 0 1 1 0 1 0 0 7 57 58 0.982759
1 0 1 0 0 0 0 2 11 4481 7392 0.606196
3 0 0 2 0 0 0 1 12 134 166 0.807229
2 0 2 0 1 0 0 0 14 8155 8994 0.906716
3 0 0 1 2 0 0 0 7 24 24 1
1 1 0 2 1 0 0 0 4 61 61 1
1 0 0 1 1 0 0 1 12 3551 5100 0.696275
2 0 0 0 1 0 0 2 10 169 247 0.684211
1 1 1 0 0 0 1 1 16 31 32 0.96875
3 1 0 3 0 0 0 0 11 718 718 1
0 0 3 0 0 0 0 0 17 4144 5022 0.825169
2 0 3 0 0 0 0 0 3 16256 17553 0.926109
1 1 1 1 1 0 0 0 11 35404 35535 0.996313
2 0 3 0 0 0 0 0 4 52800 55273 0.955258
1 1 1 1 1 0 0 0 10 34440 34577 0.996038
3 1 1 0 1 0 0 1 7 277 277 1
2 0 0 2 0 0 0 1 10 1870 2416 0.774007
1 1 1 1 1 0 0 0 17 16356 16483 0.992295
4 1 1 0 0 1 1 0 16 1 1 1
1 1 0 1 2 0 0 0 17 2008 2028 0.990138
1 1 0 0 1 0 0 2 14 417 424 0.983491
0 1 1 1 0 1 0 0 17 1803 1813 0.994484
0 0 2 0 0 1 0 0 16 2516 2988 0.842035
2 0 0 1 1 0 0 1 12 1342 1848 0.72619
0 1 1 2 0 0 0 0 5 6498 6514 0.997544
0 1 0 0 3 0 0 0 11 250 250 1
1 0 1 0 0 2 0 0 18 52 78 0.666667
0 1 0 3 0 0 0 0 12 2301 2304 0.998698
0 1 0 3 0 0 0 0 11 2438 2445 0.997137
2 0 0 1 1 0 0 1 13 1222 1720 0.710465
0 1 1 2 0 0 0 0 6 11688 11710 0.998121
0 1 0 2 0 0 1 0 15 7 7 1
2 0 2 0 0 0 1 0 8 42 50 0.84
1 1 0 1 1 1 0 0 14 851 859 0.990687
0 0 2 1 0 0 0 0 17 10399 12555 0.828276
1 1 2 0 0 1 0 0 16 4398 4430 0.992777
1 0 2 0 0 0 0 1 2 836 1166 0.716981
0 1 0 3 0 0 0 0 6 858 860 0.997674
2 1 2 1 0 0 0 0 13 65717 65782 0.999012
1 1 1 0 1 0 0 1 10 10770 10820 0.995379
0 1 0 2 0 0 1 0 16 11 11 1
2 0 2 0 0 0 1 0 9 52 58 0.896552
0 0 2 1 0 0 0 0 16 22013 24839 0.886227
1 1 0 1 1 1 0 0 13 935 948 0.986287
1 1 2 0 0 1 0 0 15 5576 5610 0.993939
1 0 2 0 0 1 0 0 12 6943 7871 0.882099
1 1 2 0 0 1 0 0 14 6960 6993 0.995281
1 0 2 0 0 1 0 0 15 2128 2598 0.819092
1 1 2 0 0 1 0 0 13 8331 8365 0.995935
1 0 1 1 0 1 0 0 17 912 1160 0.786207
1 1 0 0 0 2 1 0 9 1 1 1
0 0 0 0 1 2 0 0 8 51 70 0.728571
3 0 2 0 1 0 0 0 10 1361 1399 0.972838
0 0 1 1 0 0 1 0 15 74 79 0.936709
3 1 3 0 0 0 0 0 5 3633 3633 1
0 0 1 1 0 1 0 0 18 909 1298 0.700308
3 1 2 0 0 0 0 1 14 10404 10406 0.999808
1 1 2 0 1 0 0 0 5 7727 7754 0.996518
1 1 0 2 0 0 1 0 13 26 26 1
1 0 0 0 3 0 0 0 7 234 254 0.92126
3 0 2 0 0 1 0 0 9 252 260 0.969231
0 0 1 0 0 1 0 1 9 5601 8733 0.64136
0 1 1 0 2 0 0 0 8 3754 3761 0.998139
1 1 0 3 0 0 0 0 7 1567 1577 0.993659
2 0 1 0 1 0 0 1 11 5197 6930 0.749928
0 0 0 1 0 2 0 0 3 4 6 0.666667
3 1 1 0 2 0 0 0 12 1718 1718 1
3 0 1 1 0 0 0 1 13 963 1205 0.79917
1 0 2 0 0 1 0 0 10 11570 12852 0.900249
1 1 2 0 0 1 0 0 12 9427 9464 0.99609
1 0 2 0 0 1 0 0 13 4865 5620 0.865658
1 1 2 0 0 1 0 0 11 10106 10145 0.996156
2 1 0 0 0 2 0 1 14 21 21 1
0 0 0 0 1 0 0 2 10 1154 2077 0.555609
0 1 1 1 0 1 0 0 12 4092 4099 0.998292
1 0 1 1 0 0 1 0 9 78 92 0.847826
1 1 0 0 1 1 0 1 8 59 61 0.967213
3 0 0 1 0 0 0 2 17 58 71 0.816901
2 1 2 0 0 0 0 1 8 21411 21439 0.998694
2 1 0 2 1 0 0 0 5 103 103 1
0 0 0 1 0 1 0 1 11 1583 2373 0.667088
2 1 1 0 0 1 0 1 16 1164 1169 0.995723
1 1 2 1 0 0 0 0 3 3191 3196 0.998436
1 1 0 1 1 0 1 0 6 1 1 1
1 1 0 1 0 2 0 0 12 89 89 1
1 1 1 0 1 0 1 0 5 1 1 1
3 1 0 1 1 0 1 0 12 4 4 1
0 0 0 2 1 0 0 0 18 1388 1935 0.717313
2 1 2 0 1 0 0 0 11 44455 44500 0.998989
4 1 1 0 0 2 0 0 11 1 1 1
2 1 0 0 3 0 0 0 11 294 295 0.99661
3 0 1 0 1 0 1 0 10 1 1 1
2 1 0 0 0 1 0 2 13 56 56 1
1 0 1 0 2 0 0 0 4 909 1006 0.903579
1 0 1 1 0 0 0 1 12 28724 38781 0.740672
0 0 0 0 2 0 0 1 5 293 522 0.561303
3 0 2 0 0 0 0 1 13 1546 1869 0.82718
3 1 0 1 2 0 0 0 5 6 6 1
2 1 2 1 0 0 0 0 14 53637 53692 0.998976
0 1 0 3 0 0 0 0 9 2322 2333 0.995285
1 1 1 0 1 0 0 1 11 12863 12934 0.994511
2 0 0 2 0 1 0 0 8 218 232 0.939655
1 1 1 1 1 0 0 0 9 30123 30235 0.996296
2 1 0 2 0 1 0 0 4 2 2 1
0 0 0 0 1 0 1 1 6 1 1 1
0 1 2 0 1 0 0 0 11 35657 35712 0.99846
0 1 0 0 0 2 0 1 14 15 15 1
0 0 1 0 0 0 0 2 1 4 7 0.571429
2 0 1 1 0 0 0 1 11 13120 16781 0.781837
0 0 2 1 0 0 0 0 15 43293 47988 0.902163
1 0 2 0 0 0 1 0 11 106 125 0.848
0 0 2 0 1 0 0 0 9 371289 409686 0.906277
1 0 2 0 0 0 0 1 14 21733 29500 0.736712
2 1 1 1 0 0 1 0 7 21 21 1
1 1 1 1 1 0 0 0 13 30274 30381 0.996478
0 1 3 0 0 0 0 0 2 10152 10157 0.999508
4 1 1 0 2 0 0 0 14 45 45 1
3 1 0 1 1 0 0 1 16 795 795 1
0 1 0 3 0 0 0 0 7 1376 1380 0.997101
2 1 2 1 0 0 0 0 12 78449 78515 0.999159
4 1 1 0 2 0 0 0 11 38 38 1
3 1 0 1 1 0 0 1 15 855 856 0.998832
0 0 1 1 0 1 0 0 1 62 100 0.62
2 0 1 1 1 0 0 0 12 10373 11202 0.925995
4 1 1 0 2 0 0 0 17 32 32 1
3 1 0 1 1 0 0 1 13 905 906 0.998896
2 1 0 0 2 0 1 0 16 4 4 1
2 0 1 1 0 0 1 0 13 19 20 0.95
1 0 0 0 2 0 0 1 9 649 903 0.718715
1 1 0 1 1 0 1 0 17 27 28 0.964286
1 0 0 2 0 1 0 0 3 7 8 0.875
1 1 1 0 0 1 0 1 12 2080 2095 0.99284
2 0 0 1 0 1 0 1 10 210 291 0.721649
3 1 1 0 0 1 0 1 13 543 543 1
1 1 2 0 1 0 0 0 12 49108 49245 0.997218
1 0 0 0 2 1 0 0 14 91 110 0.827273
2 0 1 0 0 1 0 1 8 405 536 0.755597
2 1 1 0 2 0 0 0 18 5869 5891 0.996265
2 1 2 1 0 0 0 0 16 33612 33659 0.998604
0 1 1 0 0 1 0 1 11 1291 1299 0.993841
1 0 0 1 1 1 0 0 3 7 9 0.777778
1 0 1 0 1 1 0 0 8 2534 2909 0.87109
3 1 0 1 2 0 0 0 6 20 20 1
2 1 2 1 0 0 0 0 17 26377 26429 0.998032
0 1 1 0 0 1 0 1 12 1365 1368 0.997807
3 1 2 0 1 0 0 0 10 11101 11103 0.99982
1 0 1 0 1 1 0 0 7 1906 2159 0.882816
0 0 0 2 1 0 0 0 14 7438 8689 0.856025
0 1 0 0 1 0 1 1 14 1 1 1
3 1 0 0 0 2 0 1 11 7 7 1
2 1 1 0 2 0 0 0 9 4748 4755 0.998528
1 1 1 2 0 0 0 0 18 18645 18840 0.98965
1 1 1 0 1 1 0 0 6 309 309 1
0 0 0 0 1 0 0 2 8 693 1314 0.527397
0 1 0 0 1 0 1 1 11 2 2 1
1 1 1 2 0 0 0 0 17 16787 16945 0.990676
4 1 1 0 2 0 0 0 12 35 35 1
3 1 0 1 1 0 0 1 14 910 910 1
1 0 0 1 0 1 0 1 14 338 522 0.64751
0 1 0 1 1 0 1 0 10 12 12 1
2 1 0 1 1 0 1 0 16 15 15 1
1 0 2 0 0 0 1 0 13 56 65 0.861538
0 0 2 0 1 0 0 0 3 195326 216417 0.902545
1 0 2 0 0 0 0 1 12 43675 57646 0.757641
0 0 0 3 0 0 0 0 10 18881 20912 0.902879
2 0 0 1 0 0 0 2 6 30 44 0.681818
0 0 0 1 1 0 0 1 17 1448 2104 0.688213
3 0 2 0 0 0 1 0 18 6 7 0.857143
0 0 1 1 0 0 0 1 17 6688 9940 0.672837
3 1 0 0 1 0 0 2 13 101 101 1
0 0 0 1 1 0 0 1 18 855 1406 0.608108
0 0 1 1 0 0 0 1 16 12963 18203 0.712135
2 1 0 1 0 1 1 0 14 3 3 1
3 1 0 2 1 0 0 0 16 983 983 1
2 1 0 0 1 1 0 1 16 172 172 1
1 1 3 0 0 0 0 0 3 12167 12175 0.999343
2 0 0 0 2 0 0 1 13 255 358 0.712291
1 1 0 0 2 1 0 0 16 172 174 0.988506
3 1 0 0 3 0 0 0 17 88 88 1
3 0 1 0 0 2 0 0 9 4 4 1
0 0 1 0 1 1 0 0 9 10836 13009 0.832962
0 0 0 1 0 2 0 0 12 166 210 0.790476
2 1 0 0 2 0 0 1 15 538 539 0.998145
1 1 3 0 0 0 0 0 8 140780 141169 0.997244
2 0 0 0 2 0 0 1 12 272 386 0.704663
1 1 1 0 0 0 0 2 15 2800 2825 0.99115
4 1 2 0 0 0 1 0 18 7 7 1
3 1 2 0 1 0 0 0 8 6549 6549 1
1 1 2 0 0 1 0 0 7 3994 4009 0.996258
0 1 3 0 0 0 0 0 10 76304 76434 0.998299
0 0 0 0 2 0 0 1 4 106 185 0.572973
3 0 2 0 0 0 0 1 12 1671 1968 0.849085
0 1 0 1 0 0 0 2 8 178 179 0.994413
0 1 0 2 0 0 0 1 18 1403 1411 0.99433
1 0 2 0 1 0 0 0 3 10728 11659 0.920148
1 1 2 1 0 0 0 0 16 35712 35945 0.993518
2 1 1 1 1 0 0 0 7 8981 8991 0.998888
1 0 1 0 1 0 0 1 16 3417 5117 0.667774
0 1 1 1 0 1 0 0 7 1653 1658 0.996984
1 0 0 1 1 1 0 0 15 297 384 0.773438
1 0 0 1 0 0 2 0 13 1 1 1
0 0 1 0 0 2 0 0 8 708 893 0.792833
1 1 0 0 1 0 2 0 14 1 1 1
0 1 1 0 1 0 0 1 11 8194 8217 0.997201
4 1 2 0 0 0 0 1 11 218 218 1
0 0 0 1 0 0 0 2 15 1162 1956 0.59407
2 0 2 0 0 0 0 1 10 24754 30404 0.814169
2 1 1 1 0 0 0 1 18 14107 14168 0.995695
2 0 1 1 1 0 0 0 7 11438 11793 0.969897
2 0 0 0 2 0 1 0 12 1 1 1
1 0 2 0 1 0 0 0 12 39018 42528 0.917466
2 0 0 2 0 1 0 0 5 16 17 0.941176
0 0 0 3 0 0 0 0 15 3864 4471 0.864236
2 0 0 0 3 0 0 0 14 88 101 0.871287
4 1 2 0 0 0 0 1 10 158 158 1
3 0 0 2 0 1 0 0 16 25 28 0.892857
2 0 0 2 0 1 0 0 6 61 69 0.884058
0 0 0 3 0 0 0 0 14 5485 6281 0.873269
2 0 1 1 1 0 0 0 5 3106 3218 0.965196
2 0 0 0 2 0 1 0 10 2 5 0.4
0 0 0 1 0 1 0 1 10 1658 2513 0.659769
2 1 1 0 0 1 0 1 17 933 935 0.997861
1 1 2 1 0 0 0 0 4 13803 13828 0.998192
1 0 2 0 1 0 0 0 10 75023 80099 0.936628
2 0 1 1 0 1 0 0 12 1904 2169 0.877824
0 1 0 2 0 0 0 1 15 2651 2661 0.996242
0 1 2 0 0 0 0 1 5 3550 3557 0.998032
0 0 1 0 0 0 0 2 7 6950 12869 0.540058
2 0 1 1 0 0 0 1 13 9876 13030 0.757943
0 0 2 0 0 0 0 1 14 45283 60314 0.750788
1 0 0 0 2 0 0 1 16 307 440 0.697727
1 1 0 0 2 1 0 0 12 231 233 0.991416
0 1 0 1 2 0 0 0 18 1351 1356 0.996313
2 0 0 2 1 0 0 0 7 1332 1391 0.957584
2 1 0 1 0 0 1 1 8 1 1 1
0 0 1 2 0 0 0 0 12 91140 100111 0.910389
0 0 0 0 0 2 0 1 17 4 8 0.5
2 0 0 0 2 0 1 0 11 3 3 1
1 0 2 0 1 0 0 0 11 55814 60043 0.929567
3 0 0 2 0 1 0 0 18 59 70 0.842857
0 0 0 3 0 0 0 0 16 2591 3031 0.854833
3 1 2 1 0 0 0 0 5 1764 1764 1
0 1 1 2 0 0 0 0 10 24320 24356 0.998522
2 1 0 0 3 0 0 0 15 262 263 0.996198
2 0 1 1 1 0 0 0 8 14800 15280 0.968586
1 1 0 2 0 0 0 1 15 4632 4673 0.991226
3 1 0 2 0 1 0 0 12 198 198 1
0 1 0 1 0 2 0 0 16 43 43 1
1 1 1 0 2 0 0 0 18 5575 5626 0.990935
1 1 1 1 0 0 0 1 15 23345 23509 0.993024
0 1 0 2 0 0 0 1 14 2984 2999 0.994998
1 0 2 0 1 0 0 0 7 106356 112405 0.946186
3 1 1 0 1 0 1 0 11 12 12 1
1 0 1 1 0 0 0 1 9 39263 52280 0.751014
2 1 1 1 0 0 0 1 16 16530 16564 0.997947
2 1 0 0 3 0 0 0 14 301 302 0.996689
0 1 1 1 0 0 0 1 10 18300 18341 0.997765
2 0 1 1 1 0 0 0 9 15833 16459 0.961966
4 1 2 0 0 0 0 1 13 289 289 1
0 1 1 0 1 1 0 0 6 277 277 1
2 0 1 2 0 0 0 0 10 16955 17432 0.972637
0 0 0 0 3 0 0 0 2 5 6 0.833333
0 1 0 0 0 0 0 3 8 3 3 1
0 0 1 2 0 0 0 0 9 259256 280540 0.924132
2 1 2 1 0 0 0 0 4 4054 4056 0.999507
2 0 0 0 1 1 0 1 7 11 17 0.647059
3 1 1 2 0 0 0 0 14 6073 6073 1
2 0 1 1 0 1 0 0 16 733 881 0.832009
0 1 0 0 3 0 0 0 17 163 163 1
2 1 2 0 0 0 0 1 17 15517 15573 0.996404
0 1 0 1 2 0 0 0 3 5 5 1
1 0 0 0 1 0 0 2 15 233 406 0.573892
0 0 0 1 1 0 1 0 5 4 9 0.444444
0 0 0 0 1 2 0 0 6 22 34 0.647059
3 1 1 1 0 1 0 0 17 960 960 1
2 0 2 0 0 0 0 1 13 14731 19121 0.770409
0 0 0 1 0 0 0 2 16 687 1118 0.61449
1 1 0 1 0 1 0 1 11 563 566 0.9947
2 0 1 1 0 1 0 0 13 1552 1781 0.871421
0 1 0 0 3 0 0 0 16 187 188 0.994681
3 1 0 1 0 1 1 0 15 2 2 1
4 1 1 1 0 0 0 1 13 177 177 1
2 1 0 1 1 0 1 0 15 12 12 1
1 0 2 0 0 0 1 0 16 25 27 0.925926
3 0 0 0 2 0 0 1 14 38 45 0.844444
1 0 2 0 0 0 0 1 11 56864 74117 0.767219
0 0 2 0 1 0 0 0 4 349899 386085 0.906275
2 1 2 0 0 0 0 1 14 33174 33252 0.997654
3 1 2 0 0 0 0 1 10 10035 10036 0.9999
1 0 1 0 1 1 0 0 4 149 172 0.866279
3 0 2 0 0 0 0 1 8 1084 1185 0.914768
1 0 0 0 2 0 1 0 15 0 2 0
1 1 2 0 0 0 0 1 10 49563 49780 0.995641
1 0 0 0 1 1 0 1 6 22 39 0.564103
3 1 1 2 0 0 0 0 18 7632 7636 0.999476
0 1 1 0 1 0 0 1 17 3242 3253 0.996619
3 0 1 0 0 1 0 1 14 96 131 0.732824
1 0 2 1 0 0 0 0 1 111 126 0.880952
1 1 0 2 0 0 0 1 3 3 3 1
0 0 0 0 1 2 0 0 12 64 87 0.735632
0 1 0 2 0 0 0 1 5 133 134 0.992537
1 0 1 2 0 0 0 0 15 10117 11329 0.893018
0 0 1 0 2 0 0 0 12 19250 22427 0.85834
0 0 1 0 1 1 0 0 7 8504 10410 0.816907
2 0 0 0 2 0 1 0 7 1 1 1
2 1 1 0 0 0 0 2 14 2927 2937 0.996595
2 1 1 2 0 0 0 0 7 13117 13130 0.99901
1 0 0 0 1 0 1 1 14 1 2 0.5
3 0 0 0 1 1 0 1 15 11 13 0.846154
1 1 1 0 1 1 0 0 17 1677 1698 0.987633
1 0 1 0 0 0 0 2 8 2885 4804 0.600541
2 1 0 0 0 0 0 3 8 9 9 1
0 1 0 1 1 0 0 1 13 2657 2664 0.997372
0 0 0 0 0 0 1 2 15 1 2 0.5
4 1 0 0 1 1 0 1 13 3 3 1
1 1 0 2 0 0 0 1 6 307 310 0.990323
1 1 0 1 1 0 0 1 7 604 611 0.988543
2 0 1 1 0 0 0 1 9 12503 15586 0.802194
1 0 1 1 0 0 0 1 18 3189 5270 0.605123
3 0 0 3 0 0 0 0 4 2 2 1
0 1 0 0 0 0 0 3 6 1 1 1
2 0 1 0 0 1 1 0 10 7 8 0.875
2 1 3 0 0 0 0 0 6 56783 56821 0.999331
1 1 2 0 0 0 0 1 6 9265 9313 0.994846
3 0 1 0 1 1 0 0 15 76 93 0.817204
0 1 1 1 1 0 0 0 17 8413 8437 0.997155
0 0 0 1 1 1 0 0 5 644 844 0.763033
4 1 1 0 1 0 0 1 12 66 66 1
1 1 3 0 0 0 0 0 17 12891 12972 0.993756
1 0 2 1 0 0 0 0 12 76698 80236 0.955905
1 0 0 2 0 1 0 0 17 198 263 0.752852
0 0 1 0 0 1 1 0 15 9 13 0.692308
0 0 0 0 1 1 0 1 12 502 777 0.646075
0 0 1 1 0 0 1 0 4 46 61 0.754098
1 0 1 0 1 0 0 1 14 6883 9871 0.697295
2 1 1 1 0 0 1 0 8 35 35 1
1 1 1 1 1 0 0 0 18 20059 20266 0.989786
0 1 0 2 0 0 1 0 14 15 15 1
0 0 2 1 0 0 0 0 14 80593 88152 0.91425
0 1 0 1 1 0 0 1 17 1557 1564 0.995524
1 1 0 1 2 0 0 0 12 2608 2615 0.997323
1 0 0 2 0 1 0 0 18 257 356 0.72191
0 1 0 2 1 0 0 0 17 2359 2364 0.997885
0 0 1 1 0 0 1 0 3 16 19 0.842105
1 0 1 0 1 0 0 1 13 9071 12992 0.698199
2 1 3 0 0 0 0 0 15 29314 29344 0.998978
1 1 2 0 0 0 0 1 5 3426 3442 0.995352
2 1 3 0 0 0 0 0 7 84040 84106 0.999215
1 1 0 3 0 0 0 0 6 874 875 0.998857
2 0 1 0 1 0 0 1 10 5155 6682 0.771476
0 1 0 2 0 0 0 1 11 3093 3099 0.998064
1 0 2 0 1 0 0 0 2 1569 1776 0.883446
1 0 0 2 1 0 0 0 8 6466 6948 0.930628
0 0 0 1 0 0 1 1 4 1 1 1
1 1 0 1 1 0 1 0 12 17 17 1
0 1 1 0 0 0 1 1 11 18 18 1
1 0 0 2 0 1 0 0 4 42 51 0.823529
3 1 1 0 0 1 0 1 12 486 487 0.997947
1 1 1 0 0 1 0 1 15 1694 1704 0.994131
2 1 1 1 1 0 0 0 6 3969 3974 0.998742
1 1 2 1 0 0 0 0 17 27239 27471 0.991555
1 1 1 2 0 0 0 0 13 29324 29424 0.996601
2 1 0 3 0 0 0 0 3 3 3 1
2 0 0 0 0 1 1 1 16 1 1 1
0 1 1 0 0 0 0 2 12 2258 2266 0.99647
3 0 0 0 3 0 0 0 17 8 9 0.888889
2 0 2 0 0 1 0 0 4 215 233 0.922747
3 1 0 1 0 2 0 0 12 14 14 1
2 0 1 0 2 0 0 0 5 405 422 0.959716
1 0 1 1 0 1 0 0 6 3552 3916 0.907048
0 1 2 0 0 1 0 0 6 2005 2010 0.997512
0 0 1 0 1 1 0 0 13 4438 5297 0.837833
1 1 1 1 0 0 0 1 13 31107 31263 0.99501
1 0 0 0 0 3 0 0 7 1 1 1
1 0 0 2 0 1 0 0 15 347 436 0.795872
0 0 1 0 0 1 1 0 13 15 20 0.75
0 1 2 0 0 0 0 1 9 27704 27747 0.99845
0 0 0 0 1 1 0 1 10 611 948 0.644515
1 0 1 0 1 0 0 1 12 11395 15984 0.7129
3 1 0 1 1 0 0 1 9 330 330 1
2 1 0 2 0 1 0 0 10 608 609 0.998358
0 1 2 0 1 0 0 0 6 16914 16955 0.997582
2 1 1 0 1 0 1 0 6 1 1 1
2 1 1 0 1 0 0 1 18 6675 6708 0.995081
1 0 1 1 0 0 1 0 7 49 58 0.844828
0 0 2 1 0 0 0 0 8 1312069 1401377 0.936271
0 0 0 2 0 0 0 1 10 17809 25083 0.710003
4 1 0 0 3 0 0 0 13 4 4 1
0 1 0 2 0 0 1 0 17 10 10 1
3 1 0 0 0 0 0 3 9 2 2 1
1 1 2 0 0 1 0 0 18 3879 3927 0.987777
1 1 0 1 1 1 0 0 12 928 931 0.996778
2 1 0 1 1 0 1 0 11 13 13 1
4 1 1 2 0 0 0 0 8 65 65 1
0 1 1 0 0 0 0 2 7 341 344 0.991279
0 0 0 2 1 0 0 0 11 18829 21493 0.876053
1 1 0 0 0 0 0 3 14 53 53 1
2 1 0 2 0 0 0 1 17 2734 2740 0.99781
4 1 1 2 0 0 0 0 9 86 86 1
0 1 1 0 0 0 0 2 6 116 116 1
4 1 0 0 3 0 0 0 14 3 3 1
0 1 0 2 0 0 1 0 18 25 25 1
1 1 2 0 0 1 0 0 17 3456 3490 0.990258
0 0 2 1 0 0 0 0 18 3400 5145 0.660836
1 1 0 1 1 1 0 0 11 850 852 0.997653
0 0 0 2 1 0 0 0 12 14247 16525 0.862148
1 1 0 0 0 0 0 3 13 64 66 0.969697
2 1 0 2 0 0 0 1 16 3189 3199 0.996874
0 0 0 0 0 2 0 1 11 36 51 0.705882
2 1 3 0 0 0 0 0 18 14648 14688 0.997277
1 1 0 1 0 1 0 1 7 63 65 0.969231
0 1 1 1 0 0 1 0 10 53 53 1
0 0 0 2 0 1 0 0 11 2799 3327 0.841298
0 0 1 1 0 1 0 0 10 23374 27279 0.85685
0 0 1 2 0 0 0 0 14 38265 42852 0.892957
0 1 0 3 0 0 0 0 15 1881 1883 0.998938
3 0 1 0 1 0 1 0 12 2 2 1
1 0 0 0 1 0 1 1 7 2 3 0.666667
4 1 2 0 1 0 0 0 5 2 2 1
0 0 2 0 1 0 0 0 16 12211 14279 0.855172
0 0 1 1 0 1 0 0 8 27907 32671 0.854183
2 1 2 0 0 0 0 1 6 5161 5168 0.998646
2 0 1 0 1 1 0 0 6 225 254 0.885827
4 1 0 1 1 0 0 1 18 54 54 1
2 0 2 0 1 0 0 0 10 26262 27244 0.963955
0 0 2 0 0 0 0 1 2 33147 50470 0.656766
0 0 1 0 1 0 0 1 15 9410 13341 0.705344
1 0 2 0 1 0 0 0 9 93820 99563 0.942318
0 1 0 2 0 0 0 1 12 3285 3291 0.998177
4 1 0 1 0 1 0 1 14 6 6 1
1 0 0 1 0 2 0 0 16 22 30 0.733333
4 1 1 0 1 0 0 1 11 67 67 1
1 0 2 1 0 0 0 0 13 50154 52961 0.946999
0 0 0 1 1 0 0 1 10 12402 18279 0.678484
0 0 0 0 0 2 0 1 12 38 60 0.633333
3 1 3 0 0 0 0 0 4 664 664 1
0 0 1 0 0 0 1 1 14 37 54 0.685185
1 1 0 0 0 0 0 3 9 20 20 1
1 1 0 2 0 0 0 1 9 2838 2856 0.993697
2 0 1 2 0 0 0 0 6 12386 12736 0.972519
1 1 1 0 1 0 1 0 12 58 58 1
1 0 1 1 0 0 0 1 7 27208 37026 0.734835
4 1 0 0 2 0 0 1 15 5 5 1
0 0 0 1 1 0 0 1 5 2202 3778 0.582848
1 0 1 0 1 1 0 0 17 431 567 0.760141
0 0 0 2 0 0 0 1 7 13210 20279 0.651413
0 0 1 2 0 0 0 0 6 420400 454670 0.924627
2 1 0 2 0 1 0 0 16 642 643 0.998445
0 1 2 0 1 0 0 0 4 3275 3278 0.999085
1 0 2 0 0 1 0 0 5 4608 5164 0.892332
2 0 1 0 0 1 0 1 4 0 1 0
2 1 1 0 2 0 0 0 14 5516 5525 0.998371
1 0 0 0 2 1 0 0 10 160 195 0.820513
2 0 1 0 1 1 0 0 4 13 14 0.928571
4 1 0 1 1 0 0 1 16 15 15 1
3 1 1 0 2 0 0 0 13 1707 1707 1
4 1 0 2 0 1 0 0 6 1 1 1
2 0 1 1 1 0 0 0 13 8186 9030 0.906534
0 1 0 1 0 2 0 0 11 60 60 1
0 0 1 0 1 0 0 1 14 15064 21149 0.71228
0 0 0 0 0 0 0 3 18 0 3 0
3 0 2 1 0 0 0 0 17 518 545 0.950459
1 1 0 1 2 0 0 0 16 2026 2033 0.996557
2 0 3 0 0 0 0 0 11 43152 43826 0.984621
1 1 1 0 2 0 0 0 10 7960 7990 0.996245
3 1 0 1 2 0 0 0 7 59 59 1
0 0 2 0 0 0 0 1 12 115950 153094 0.757378
1 1 1 0 1 0 0 1 13 12864 12942 0.993973
1 0 0 0 1 1 0 1 15 100 169 0.591716
3 1 2 1 0 0 0 0 17 9119 9125 0.999342
2 0 0 1 2 0 0 0 16 334 418 0.799043
1 0 1 0 2 0 0 0 10 9525 10703 0.889937
2 1 1 0 0 0 1 1 13 24 24 1
2 1 0 1 0 1 0 1 12 501 502 0.998008
2 1 3 0 0 0 0 0 11 87644 87717 0.999168
3 1 3 0 0 0 0 0 12 20846 20847 0.999952
0 0 2 0 0 1 0 0 10 39891 45635 0.874132
3 0 1 0 1 1 0 0 13 71 75 0.946667
0 0 2 0 0 1 0 0 9 49454 57014 0.867401
3 0 1 0 1 1 0 0 18 130 143 0.909091
0 0 2 0 0 1 0 0 6 46819 55604 0.842008
0 0 2 0 0 1 0 0 7 55002 64280 0.855663
0 0 0 0 0 0 0 3 16 31 60 0.516667
2 1 0 1 2 0 0 0 10 1728 1731 0.998267
2 0 0 1 0 2 0 0 16 19 22 0.863636
2 1 2 0 0 0 0 1 11 43128 43201 0.99831
3 1 1 0 0 1 0 1 6 10 10 1
1 0 1 0 0 1 0 1 16 554 829 0.668275
2 1 0 0 0 3 0 0 8 1 1 1
2 0 0 0 2 0 1 0 9 5 5 1
2 1 1 0 0 0 0 2 12 3289 3297 0.997574
3 0 1 1 0 1 0 0 14 126 149 0.845638
3 0 2 0 0 1 0 0 15 185 207 0.89372
2 0 0 0 2 0 1 0 8 2 3 0.666667
2 1 1 0 0 0 0 2 13 3325 3335 0.997001
3 0 2 0 0 1 0 0 10 297 311 0.954984
3 1 0 2 0 1 0 0 16 222 222 1
1 1 0 2 0 0 0 1 11 4602 4620 0.996104
1 1 0 2 0 0 0 1 16 4242 4274 0.992513
3 1 0 2 0 1 0 0 13 205 205 1
1 1 1 1 0 0 0 1 16 19379 19567 0.990392
1 0 1 2 0 0 0 0 4 26609 28458 0.935027
3 1 2 0 0 1 0 0 7 480 480 1
2 1 3 0 0 0 0 0 9 107466 107558 0.999145
1 1 2 0 0 0 0 1 7 18827 18910 0.995611
1 0 0 0 1 0 0 2 13 390 643 0.606532
3 1 1 1 0 0 1 0 8 5 5 1
0 0 1 0 1 0 0 1 18 1229 2157 0.569773
4 1 0 2 0 0 1 0 17 1 1 1
3 1 0 0 1 0 0 2 10 46 46 1
2 0 1 1 0 1 0 0 14 1214 1416 0.857345
2 0 0 1 0 0 0 2 4 1 1 1
1 0 2 1 0 0 0 0 18 4275 5661 0.755167
0 0 0 1 1 0 0 1 15 3710 5363 0.691777
0 1 2 0 0 0 0 1 3 269 271 0.99262
0 1 1 0 1 0 1 0 15 31 31 1
2 0 0 1 1 1 0 0 17 109 140 0.778571
0 1 0 1 1 1 0 0 9 407 407 1
1 0 2 0 0 0 1 0 7 105 114 0.921053
0 0 1 1 1 0 0 0 7 242106 270281 0.895757
3 0 0 1 1 0 0 1 18 243 289 0.84083
3 1 0 1 0 2 0 0 13 7 7 1
2 0 1 0 2 0 0 0 4 84 90 0.933333
1 0 1 1 0 1 0 0 5 1673 1888 0.886123
0 0 0 2 1 0 0 0 5 14573 16630 0.876308
1 1 1 0 1 1 0 0 8 1361 1362 0.999266
2 1 0 1 0 0 0 2 14 955 958 0.996868
4 1 0 3 0 0 0 0 17 15 15 1
0 0 1 0 0 1 0 1 11 5303 7868 0.673996
0 1 1 1 0 0 0 1 11 19778 19829 0.997428
1 1 0 1 1 0 1 0 15 31 31 1
3 1 1 0 0 1 0 1 15 468 468 1
1 1 1 0 0 1 0 1 10 1665 1676 0.993437
0 1 1 1 0 1 0 0 15 2677 2683 0.997764
0 1 2 1 0 0 0 0 12 53509 53605 0.998209
0 0 2 0 0 0 0 1 3 74254 113751 0.652777
0 1 2 1 0 0 0 0 5 36924 36993 0.998135
1 1 0 1 0 1 0 1 10 463 465 0.995699
0 0 0 1 0 0 0 2 12 3141 5320 0.590414
0 0 1 0 0 1 1 0 6 8 13 0.615385
2 1 0 1 0 0 2 0 18 1 1 1
0 0 0 1 0 1 0 1 6 428 733 0.583902
1 1 1 0 1 0 1 0 14 57 60 0.95
1 1 1 0 0 0 0 2 11 3582 3600 0.995
2 1 1 2 0 0 0 0 9 25173 25198 0.999008
2 1 2 1 0 0 0 0 18 30791 30879 0.99715
2 0 0 1 2 0 0 0 7 425 452 0.940265
2 0 0 1 0 0 0 2 8 204 312 0.653846
1 1 2 0 0 1 0 0 9 8618 8659 0.995265
3 0 1 0 1 1 0 0 14 74 86 0.860465
0 0 0 1 1 1 0 0 6 1265 1588 0.796599
2 0 0 0 0 1 0 2 10 24 34 0.705882
1 1 3 0 0 0 0 0 18 8707 8781 0.991573
1 0 2 1 0 0 0 0 11 114490 119280 0.959842
0 1 1 1 0 0 1 0 5 4 4 1
1 1 0 0 0 2 0 1 16 12 12 1
1 1 2 0 0 0 0 1 15 29282 29465 0.993789
0 0 1 1 0 0 0 1 4 34017 54400 0.625313
0 1 1 1 1 0 0 0 16 10318 10341 0.997776
0 0 0 1 1 1 0 0 4 237 316 0.75
3 0 1 2 0 0 0 0 6 382 385 0.992208
3 1 0 2 1 0 0 0 7 161 161 1
4 1 2 1 0 0 0 0 11 406 406 1
0 0 1 1 0 0 0 1 3 14221 22839 0.622663
3 1 0 0 1 1 0 1 16 42 42 1
1 0 0 1 1 0 0 1 8 2717 3865 0.702975
0 1 1 1 0 1 0 0 13 3658 3664 0.998362
0 1 2 1 0 0 0 0 14 31367 31431 0.997964
1 0 0 2 0 0 1 0 11 14 17 0.823529
0 1 1 2 0 0 0 0 7 17286 17322 0.997922
2 1 0 1 0 0 1 1 17 9 9 1
1 1 0 0 1 0 0 2 7 29 29 1
0 0 1 0 1 0 1 0 15 34 41 0.829268
2 0 0 0 1 0 0 2 15 105 175 0.6
1 0 0 0 1 0 1 1 6 1 1 1
0 0 1 1 0 1 0 0 9 26987 31413 0.859103
0 0 1 2 0 0 0 0 11 135076 147397 0.916409
2 1 0 2 1 0 0 0 9 2822 2822 1
1 1 2 1 0 0 0 0 9 119741 120069 0.997268
2 1 1 0 0 0 1 1 17 22 22 1
3 1 3 0 0 0 0 0 16 7728 7729 0.999871
3 1 0 0 1 0 0 2 14 110 110 1
0 1 1 0 1 1 0 0 12 1966 1972 0.996957
3 0 0 0 0 0 0 3 11 4 5 0.8
0 1 1 0 2 0 0 0 13 4626 4639 0.997198
0 1 0 0 0 2 0 1 15 12 12 1
0 0 0 0 1 0 1 1 9 8 13 0.615385
0 1 2 0 1 0 0 0 14 18333 18382 0.997334
2 1 1 0 0 0 1 1 9 13 13 1
2 0 2 0 0 0 0 1 5 4056 4862 0.834225
0 0 0 1 1 0 1 0 18 4 8 0.5
2 1 2 0 0 0 0 1 9 31491 31552 0.998067
1 1 2 0 1 0 0 0 18 15241 15411 0.988969
0 0 1 0 1 1 0 0 6 5766 7255 0.794762
0 0 0 0 1 2 0 0 11 75 95 0.789474
0 0 1 0 2 0 0 0 11 26492 30769 0.860996
1 1 0 2 0 0 0 1 18 3924 3978 0.986425
0 0 3 0 0 0 0 0 14 46585 49517 0.940788
0 1 2 0 0 1 0 0 10 7043 7060 0.997592
1 1 1 0 0 0 1 1 13 39 39 1
0 0 1 1 1 0 0 0 1 1623 2034 0.797935
1 0 1 2 0 0 0 0 5 48202 50936 0.946325
3 1 2 0 0 1 0 0 6 161 161 1
0 1 0 0 1 0 1 1 9 1 1 1
1 1 1 0 0 0 0 2 16 2033 2058 0.987852
4 1 2 0 0 0 1 0 17 3 3 1
3 1 2 0 1 0 0 0 9 9247 9247 1
0 1 0 0 0 0 0 3 12 26 26 1
2 1 1 1 1 0 0 0 14 22149 22174 0.998873
1 1 1 0 1 0 1 0 4 1 1 1
3 1 0 1 1 0 1 0 11 3 3 1
2 0 1 1 0 0 1 0 9 21 24 0.875
2 1 2 0 1 0 0 0 14 29619 29658 0.998685
0 0 0 2 1 0 0 0 17 2072 2582 0.802479
0 0 0 0 0 0 0 3 9 134 265 0.50566
0 0 1 1 1 0 0 0 16 13398 15917 0.841742
2 1 2 0 0 0 1 0 12 129 129 1
0 0 2 0 0 1 0 0 13 13053 15059 0.866791
3 0 1 1 1 0 0 0 11 740 767 0.964798
1 0 3 0 0 0 0 0 15 11693 12256 0.954063
2 1 2 0 0 0 1 0 13 120 121 0.991736
0 0 2 0 0 1 0 0 14 8013 9234 0.867771
3 1 0 0 1 0 1 1 18 6 6 1
3 0 1 1 1 0 0 0 12 675 707 0.954738
3 0 1 0 0 1 0 1 13 101 124 0.814516
0 0 1 0 1 0 0 1 9 46239 67951 0.680476
0 1 1 0 1 0 0 1 14 6424 6446 0.996587
0 1 3 0 0 0 0 0 3 26736 26771 0.998693
2 0 1 0 1 0 0 1 16 1890 2752 0.686773
0 0 0 1 2 0 0 0 3 449 551 0.814882
1 0 0 0 0 2 0 1 16 8 10 0.8
0 1 3 0 0 0 0 0 16 7655 7665 0.998695
2 0 0 0 0 2 0 1 16 5 8 0.625
0 0 0 2 0 0 1 0 13 23 25 0.92
1 1 1 0 0 0 0 2 5 36 36 1
0 0 0 1 0 0 0 2 5 367 705 0.520567
3 1 0 2 0 1 0 0 9 86 86 1
2 0 2 0 0 1 0 0 6 1725 1838 0.93852
2 0 1 0 2 0 0 0 3 15 15 1
1 0 0 1 0 1 0 1 5 21 39 0.538462
1 0 1 1 0 1 0 0 8 6744 7476 0.902087
0 0 0 1 0 1 0 1 16 377 545 0.691743
0 0 2 0 1 0 0 0 15 23495 26859 0.874753
0 0 0 0 2 0 0 1 6 654 1104 0.592391
3 0 2 0 0 0 0 1 10 1627 1871 0.869588
1 0 2 0 0 0 0 1 6 48309 64850 0.744934
2 1 3 0 0 0 0 0 14 40807 40833 0.999363
3 0 0 0 3 0 0 0 18 18 22 0.818182
2 0 2 0 0 1 0 0 5 747 792 0.943182
2 0 0 0 0 0 1 2 14 0 1 0
2 1 0 1 0 0 0 2 16 629 631 0.99683
1 0 0 2 0 0 0 1 14 3056 4377 0.698195
1 0 0 1 2 0 0 0 14 1168 1400 0.834286
2 1 2 0 0 1 0 0 12 7849 7862 0.998346
0 1 0 1 1 0 1 0 18 23 23 1
1 1 1 0 2 0 0 0 8 4719 4738 0.99599
2 1 1 0 1 1 0 0 14 2167 2169 0.999078
3 0 1 0 1 0 0 1 7 97 103 0.941748
0 0 3 0 0 0 0 0 3 10170413 10816570 0.940262
0 0 0 0 2 0 0 1 12 1851 2715 0.681768
2 1 0 0 0 1 2 0 14 1 1 1
3 1 0 0 1 0 1 1 13 4 4 1
3 0 1 1 1 0 0 0 13 614 668 0.919162
1 0 3 0 0 0 0 0 11 106907 109998 0.971899
3 1 1 0 0 0 1 1 10 5 5 1
1 0 3 0 0 0 0 0 17 3453 3795 0.909881
2 0 0 0 0 2 0 1 14 6 8 0.75
1 1 1 0 0 0 0 2 7 477 477 1
0 0 0 1 0 0 0 2 7 1597 2972 0.537349
1 1 0 1 1 0 1 0 14 24 24 1
0 1 1 0 0 0 1 1 13 17 18 0.944444
1 0 0 2 0 1 0 0 6 342 390 0.876923
3 1 1 0 0 1 0 1 10 285 286 0.996503
0 0 2 0 0 1 0 0 12 20326 23364 0.869971
0 1 0 1 1 1 0 0 10 517 520 0.994231
1 0 3 0 0 0 0 0 16 6399 6803 0.940614
3 1 0 0 1 1 0 1 18 97 97 1
1 1 2 0 0 0 1 0 15 96 96 1
1 0 0 1 1 0 0 1 6 921 1336 0.689371
0 1 1 1 0 1 0 0 11 4250 4260 0.997653
0 1 1 1 0 1 0 0 10 4158 4169 0.997361
0 1 2 1 0 0 0 0 17 12110 12144 0.9972
2 0 1 2 0 0 0 0 8 19381 19820 0.977851
1 1 2 1 0 0 0 0 14 58807 59017 0.996442
1 1 1 0 1 1 0 0 7 716 720 0.994444
0 1 0 0 1 0 1 1 12 2 2 1
2 1 1 0 2 0 0 0 7 1702 1704 0.998826
1 1 1 2 0 0 0 0 16 19629 19755 0.993622
0 1 1 0 0 0 0 2 10 1780 1785 0.997199
1 0 0 1 0 0 0 2 15 726 1227 0.591687
0 0 0 1 2 0 0 0 8 10486 12330 0.850446
1 1 1 2 0 0 0 0 15 22368 22467 0.995594
0 0 0 1 2 0 0 0 9 10626 12433 0.854661
1 1 1 0 1 1 0 0 5 83 83 1
0 0 0 0 1 0 0 2 7 402 822 0.489051
0 1 0 0 1 0 1 1 10 4 4 1
1 1 1 2 0 0 0 0 14 25435 25516 0.996826
2 1 1 0 1 1 0 0 17 1514 1519 0.996708
0 0 1 0 0 0 0 2 11 11920 20066 0.59404
4 1 1 1 0 1 0 0 11 33 33 1
3 0 2 0 0 1 0 0 12 273 296 0.922297
1 1 0 0 1 0 0 2 10 298 299 0.996656
3 0 1 0 2 0 0 0 18 177 202 0.876238
2 0 3 0 0 0 0 0 5 90559 93473 0.968825
3 1 0 1 0 1 1 0 12 2 2 1
4 1 1 1 0 0 0 1 16 196 196 1
1 1 0 1 2 0 0 0 8 1228 1233 0.995945
3 1 2 1 0 0 0 0 12 21752 21753 0.999954
3 1 1 1 0 0 0 1 11 6436 6437 0.999845
3 1 1 0 1 0 0 1 10 2133 2133 1
0 0 0 1 1 1 0 0 18 268 382 0.701571
2 1 1 2 0 0 0 0 3 52 52 1
2 1 1 0 0 0 0 2 18 885 894 0.989933
1 1 0 1 2 0 0 0 9 1847 1860 0.993011
3 1 2 1 0 0 0 0 9 21514 21518 0.999814
0 0 1 0 1 1 0 0 1 9 15 0.6
1 0 0 1 0 0 0 2 11 1325 2189 0.605299
1 1 1 0 0 2 0 0 9 208 209 0.995215
1 1 1 1 0 0 0 1 17 15286 15478 0.987595
1 1 1 0 2 0 0 0 16 4870 4900 0.993878
3 0 0 0 1 0 0 2 9 7 7 1
1 0 1 2 0 0 0 0 6 65767 69062 0.952289
1 1 1 0 2 0 0 0 15 5719 5748 0.994955
4 1 1 1 0 0 1 0 18 8 8 1
2 0 0 2 1 0 0 0 3 5 6 0.833333
0 1 0 0 1 1 0 1 10 107 107 1
1 1 2 0 1 0 0 0 11 55293 55445 0.997259
1 0 0 0 2 1 0 0 13 111 139 0.798561
2 0 1 0 0 1 0 1 7 230 300 0.766667
2 1 1 0 2 0 0 0 15 4773 4785 0.997492
2 0 0 2 0 1 0 0 18 180 242 0.743802
0 1 0 1 0 0 1 1 9 1 1 1
2 0 0 2 0 0 0 1 11 1863 2466 0.755474
3 1 1 0 1 0 0 1 8 729 729 1
3 1 0 0 2 0 0 1 17 151 151 1
1 1 0 0 1 1 0 1 18 267 268 0.996269
1 1 1 0 2 0 0 0 14 6647 6683 0.994613
2 0 1 1 0 0 0 1 14 7851 10724 0.732096
0 0 1 0 0 0 0 2 8 10004 17821 0.56136
3 1 0 1 0 0 0 2 18 199 199 1
2 0 2 0 1 0 0 0 18 2582 3231 0.799133
0 0 1 0 1 0 0 1 12 30582 43264 0.706869
2 0 2 0 0 1 0 0 13 2290 2592 0.883488
0 0 1 0 0 2 0 0 18 33 44 0.75
2 0 0 0 1 0 1 1 16 2 3 0.666667
3 1 1 1 0 0 0 1 15 6015 6015 1
1 0 2 1 0 0 0 0 5 308104 324276 0.950129
2 0 0 1 1 0 0 1 14 1086 1548 0.70155
1 0 0 1 0 0 0 2 16 553 936 0.590812
1 1 1 0 2 0 0 0 13 7637 7666 0.996217
0 0 0 0 0 3 0 0 10 2 4 0.5
3 1 0 1 0 0 0 2 15 241 241 1
2 0 1 0 1 0 0 1 9 4580 5870 0.780239
1 1 0 2 0 0 0 1 10 3876 3902 0.993337
3 1 0 2 0 1 0 0 14 223 223 1
1 1 0 2 0 0 0 1 13 5067 5101 0.993335
3 1 0 1 0 2 0 0 11 16 16 1
2 1 0 0 0 0 0 3 12 53 53 1
0 1 1 0 0 1 0 1 14 1141 1144 0.997378
3 1 1 1 1 0 0 0 13 6850 6852 0.999708
1 1 2 1 0 0 0 0 10 117067 117351 0.99758
0 1 2 0 0 0 0 1 12 28236 28322 0.996963
3 1 2 0 1 0 0 0 6 1552 1552 1
0 1 3 0 0 0 0 0 7 103550 103725 0.998313
1 1 1 0 0 0 0 2 17 1423 1439 0.988881
0 0 0 0 0 2 0 1 15 14 23 0.608696
1 0 1 0 2 0 0 0 16 1734 2104 0.824144
3 0 2 0 0 1 0 0 14 226 250 0.904
0 1 1 0 1 0 1 0 14 25 25 1
2 0 0 1 1 1 0 0 16 149 181 0.823204
0 1 0 1 1 1 0 0 8 284 285 0.996491
1 0 0 0 3 0 0 0 9 352 400 0.88
0 1 1 0 0 0 0 2 15 1439 1441 0.998612
2 1 0 0 0 0 0 3 13 48 48 1
0 1 1 0 0 1 0 1 13 1325 1330 0.996241
3 1 1 1 1 0 0 0 10 6141 6141 1
1 1 1 0 1 1 0 0 4 12 12 1
1 1 2 1 0 0 0 0 11 105879 106118 0.997748
3 0 2 0 0 0 1 0 16 8 9 0.888889
0 0 1 1 0 0 0 1 15 22813 31365 0.727339
0 1 1 0 0 0 0 2 13 2124 2132 0.996248
0 1 1 1 0 0 0 1 4 361 363 0.99449
2 1 0 0 2 1 0 0 17 148 148 1
0 0 0 0 0 3 0 0 7 1 2 0.5
1 0 0 0 1 2 0 0 14 13 16 0.8125
0 1 1 2 0 0 0 0 3 677 677 1
0 0 0 0 0 0 1 2 11 0 3 0
2 0 0 1 1 0 0 1 10 1394 1829 0.762165
2 1 1 0 1 1 0 0 4 2 2 1
0 0 0 0 2 1 0 0 16 103 122 0.844262
1 1 1 1 0 1 0 0 7 1900 1906 0.996852
0 1 0 1 1 1 0 0 16 498 499 0.997996
0 0 0 1 0 2 0 0 9 196 250 0.784
2 1 1 1 0 1 0 0 16 3393 3400 0.997941
1 0 0 2 0 0 1 0 6 3 3 1
0 0 1 1 0 0 0 1 14 36920 50290 0.734142
0 0 0 3 0 0 0 0 8 27247 29906 0.911088
2 0 1 0 1 0 0 1 12 4699 6394 0.734908
0 1 3 0 0 0 0 0 12 42870 42930 0.998602
0 0 1 1 0 0 0 1 5 63015 99206 0.635193
3 0 0 3 0 0 0 0 13 66 69 0.956522
0 0 0 2 0 1 0 0 1 1 1 1
0 1 2 0 1 0 0 0 10 38924 38985 0.998435
0 0 3 0 0 0 0 0 9 1055037 1112243 0.948567
1 0 1 0 2 0 0 0 14 3408 3989 0.854349
0 1 1 0 1 1 0 0 5 89 89 1
3 1 0 1 0 1 1 0 16 4 4 1
4 1 1 1 0 0 0 1 12 151 151 1
1 0 2 0 0 0 1 0 15 26 34 0.764706
3 0 0 0 2 0 0 1 13 31 40 0.775
1 0 2 0 0 0 0 1 10 68800 89304 0.770402
0 0 2 0 1 0 0 0 5 480590 529997 0.906779
3 1 0 0 0 1 0 2 6 1 1 1
2 1 2 0 0 0 0 1 15 26621 26683 0.997676
2 1 0 0 3 0 0 0 6 11 11 1
2 1 1 0 1 0 1 0 13 50 50 1
1 0 1 0 1 0 0 1 7 7739 10953 0.706564
0 1 2 0 0 0 0 1 16 10314 10364 0.995176
2 1 1 1 0 0 0 1 10 21297 21334 0.998266
0 0 0 2 0 1 0 0 10 3371 3971 0.848905
2 0 2 0 0 1 0 0 15 1265 1478 0.855886
3 1 0 0 1 0 0 2 9 31 31 1
2 0 2 0 0 0 0 1 7 15782 18832 0.838042
2 1 0 2 1 0 0 0 6 392 393 0.997455
2 1 2 0 0 0 0 1 5 1529 1531 0.998694
3 0 0 0 2 0 0 1 7 4 4 1
0 1 0 1 2 0 0 0 16 1141 1145 0.996507
1 1 1 0 0 0 0 2 13 3877 3906 0.992576
0 1 2 0 0 0 0 1 15 14104 14148 0.99689
0 0 0 1 0 0 0 2 13 2552 4224 0.604167
0 0 2 0 0 0 0 1 4 135115 207032 0.652629
1 0 0 0 0 0 1 2 6 0 1 0
1 0 0 1 0 1 1 0 8 3 3 1
2 1 2 1 0 0 0 0 6 33671 33700 0.999139
2 1 0 2 0 1 0 0 11 709 711 0.997187
0 1 2 0 1 0 0 0 9 38864 38913 0.998741
2 1 1 0 1 0 1 0 8 13 13 1
2 1 1 0 1 0 0 1 16 6766 6791 0.996319
1 0 1 1 0 0 1 0 5 14 14 1
0 0 2 1 0 0 0 0 6 2218898 2375277 0.934164
1 0 0 1 0 1 1 0 9 3 3 1
2 1 2 1 0 0 0 0 7 57226 57287 0.998935
2 1 0 2 0 1 0 0 12 769 770 0.998701
0 1 2 0 1 0 0 0 8 34484 34537 0.998465
2 1 1 0 1 0 1 0 9 21 21 1
2 1 1 0 1 0 0 1 17 5427 5448 0.996145
1 0 1 1 0 0 1 0 8 77 90 0.855556
0 0 2 1 0 0 0 0 5 2556938 2738288 0.933772
0 1 2 0 1 0 0 0 7 26531 26566 0.998683
0 1 3 0 0 0 0 0 4 49628 49701 0.998531
4 1 1 0 2 0 0 0 10 34 34 1
1 0 0 1 0 1 0 1 12 497 772 0.643782
3 0 0 0 0 0 0 3 17 3 3 1
0 0 1 1 1 0 0 0 14 36468 42093 0.866367
3 1 3 0 0 0 0 0 14 13417 13422 0.999627
2 1 0 1 0 1 0 1 14 504 504 1
0 1 0 0 0 0 0 3 14 23 23 1
2 1 1 1 1 0 0 0 16 16480 16515 0.997881
0 1 0 0 0 0 0 3 11 13 13 1
2 1 1 1 1 0 0 0 15 19088 19114 0.99864
0 0 1 0 0 1 0 1 10 5824 8766 0.664385
0 0 1 0 0 0 1 1 15 21 30 0.7
2 0 1 0 2 0 0 0 11 3084 3370 0.915134
2 0 0 1 1 0 0 1 15 970 1372 0.706997
0 1 2 1 0 0 0 0 11 66057 66150 0.998594
0 1 1 1 0 1 0 0 14 3152 3165 0.995893
1 1 1 0 2 0 0 0 12 8358 8385 0.99678
4 1 1 0 0 1 1 0 17 1 1 1
1 1 0 1 2 0 0 0 18 3526 3568 0.988229
2 1 1 1 0 0 1 0 6 4 4 1
1 1 1 1 1 0 0 0 16 19149 19272 0.993618
0 0 0 1 2 0 0 0 10 9675 11266 0.858779
1 1 0 2 1 0 0 0 8 2926 2940 0.995238
2 1 1 0 1 1 0 0 11 2246 2249 0.998666
2 1 0 0 2 1 0 0 7 18 18 1
2 0 0 1 0 1 0 1 12 212 300 0.706667
2 0 2 1 0 0 0 0 15 9853 10461 0.941879
2 1 1 2 0 0 0 0 17 13886 13914 0.997988
3 1 1 0 0 0 0 2 10 585 585 1
1 1 0 1 1 0 0 1 11 3813 3839 0.993227
2 1 1 1 1 0 0 0 10 25784 25814 0.998838
0 0 0 1 2 0 0 0 7 9075 10686 0.849242
3 1 2 0 0 1 0 0 12 2358 2359 0.999576
0 0 0 2 0 0 0 1 4 2343 3848 0.608888
3 1 2 0 0 1 0 0 8 922 922 1
1 1 1 1 1 0 0 0 2 1 1 1
0 0 1 2 0 0 0 0 7 390192 422066 0.924481
4 1 1 0 2 0 0 0 15 47 47 1
3 1 0 1 1 0 0 1 11 736 737 0.998643
3 0 0 0 1 0 0 2 15 22 28 0.785714
0 0 1 1 0 1 0 0 3 1883 2480 0.759274
2 0 1 1 1 0 0 0 10 14755 15527 0.95028
3 0 0 0 1 1 0 1 7 0 1 0
2 0 0 2 0 0 0 1 17 741 1094 0.677331
3 0 0 2 0 0 0 1 9 97 121 0.801653
0 0 0 1 0 2 0 0 18 31 41 0.756098
2 1 0 2 0 0 0 1 10 2916 2924 0.997264
4 1 2 0 0 0 0 1 5 2 2 1
2 1 0 1 0 2 0 0 12 45 45 1
2 1 1 1 0 0 0 1 9 15955 15983 0.998248
2 0 1 2 0 0 0 0 7 17106 17515 0.976649
3 0 0 1 0 0 0 2 14 84 103 0.815534
2 1 0 2 0 1 0 0 6 44 44 1
0 0 1 2 0 0 0 0 2 78671 86526 0.909218
0 0 3 0 0 0 0 0 12 188379 197615 0.953263
1 0 1 1 1 0 0 0 7 47989 51088 0.93934
3 0 0 2 0 1 0 0 12 23 27 0.851852
0 0 0 3 0 0 0 0 18 873 1286 0.678849
2 0 0 0 2 0 1 0 13 1 2 0.5
1 0 2 0 1 0 0 0 13 26455 29177 0.906707
4 1 0 0 2 0 0 1 18 13 13 1
0 0 0 1 1 0 0 1 8 10255 15737 0.651649
0 0 0 0 1 1 0 1 17 100 146 0.684932
3 1 3 0 0 0 0 0 10 26781 26783 0.999925
1 0 1 1 0 0 0 1 16 8203 11869 0.691128
0 0 0 0 1 1 0 1 16 132 197 0.670051
3 1 3 0 0 0 0 0 11 24444 24444 1
0 1 2 0 0 0 1 0 4 5 5 1
2 1 2 0 1 0 0 0 4 697 698 0.998567
0 0 0 1 1 0 0 1 9 12001 18156 0.660994
1 0 1 1 0 0 0 1 15 12061 17168 0.702528
2 1 0 0 0 1 0 2 15 32 32 1
1 0 1 1 0 0 0 1 14 16718 23347 0.716066
2 1 0 1 1 0 1 0 6 1 1 1
3 0 2 0 0 0 1 0 12 6 7 0.857143
1 1 0 1 0 0 0 2 13 1249 1256 0.994427
0 1 1 1 0 0 0 1 13 17651 17692 0.997683
1 0 0 0 1 1 1 0 14 0 2 0
0 1 0 2 1 0 0 0 18 2778 2787 0.996771
1 1 1 1 1 0 0 0 7 14774 14851 0.994815
2 0 1 1 0 0 1 0 5 5 6 0.833333
0 1 1 0 1 0 1 0 7 5 5 1
1 1 1 0 1 0 1 0 8 17 17 1
3 1 0 1 1 0 1 0 15 10 10 1
2 1 2 0 1 0 0 0 18 18458 18527 0.996276
2 1 1 0 1 0 1 0 16 40 40 1
1 1 0 1 0 2 0 0 10 66 66 1
0 1 2 0 0 0 1 0 11 121 121 1
1 0 0 2 1 0 0 0 15 2109 2536 0.831625
2 0 1 1 0 0 1 0 4 1 1 1
3 1 0 1 1 0 1 0 18 16 16 1
1 1 1 0 1 0 1 0 7 9 9 1
2 1 2 0 1 0 0 0 17 14374 14411 0.997433
1 1 0 1 1 0 1 0 5 1 1 1
1 1 0 1 0 2 0 0 15 76 79 0.962025
3 1 0 3 0 0 0 0 17 712 713 0.998597
0 1 1 0 1 0 1 0 9 24 24 1
3 1 0 1 1 0 1 0 13 5 5 1
2 0 1 1 0 0 1 0 7 16 16 1
2 1 2 0 1 0 0 0 16 18605 18636 0.998337
3 1 0 1 1 0 1 0 16 4 4 1
3 1 0 1 0 0 1 1 10 1 1 1
2 0 1 1 0 0 1 0 6 13 13 1
1 1 1 0 1 0 1 0 9 28 31 0.903226
0 1 1 0 1 0 1 0 8 17 17 1
2 1 2 0 1 0 0 0 15 23719 23756 0.998442
1 0 1 0 1 1 0 0 14 1181 1431 0.825297
1 1 0 1 1 0 1 0 7 2 2 1
1 0 1 0 1 0 0 1 9 13441 18719 0.71804
1 1 0 1 0 2 0 0 13 78 78 1
0 0 0 1 1 0 0 1 2 45 78 0.576923
1 0 1 0 1 1 0 0 12 2152 2589 0.831209
4 1 1 0 0 2 0 0 10 2 2 1
2 1 0 0 3 0 0 0 16 235 236 0.995763
0 0 0 0 0 1 0 2 15 61 109 0.559633
0 0 0 2 1 0 0 0 4 7531 8672 0.868427
0 0 1 0 2 0 0 0 9 40356 46673 0.864654
0 1 0 0 0 1 0 2 10 12 12 1
0 0 0 0 1 2 0 0 10 69 95 0.726316
0 1 0 2 0 0 0 1 3 3 3 1
1 0 1 2 0 0 0 0 13 20085 21728 0.924383
0 0 1 0 2 0 0 0 18 1089 1564 0.696292
2 1 2 0 1 0 0 0 8 31203 31236 0.998944
1 0 1 0 1 0 0 1 18 1625 2661 0.610673
2 0 0 0 3 0 0 0 6 24 24 1
0 1 2 0 0 0 1 0 17 24 25 0.96
2 0 0 3 0 0 0 0 18 557 691 0.806078
3 1 0 1 1 1 0 0 9 72 73 0.986301
0 0 0 2 0 1 0 0 9 3645 4280 0.851636
0 0 1 1 0 1 0 0 12 13849 16132 0.85848
2 0 1 0 0 1 1 0 18 3 4 0.75
1 1 2 0 1 0 0 0 7 31351 31485 0.995744
1 0 1 0 0 1 0 1 14 1065 1662 0.640794
3 0 1 1 0 1 0 0 12 147 159 0.924528
3 0 2 0 0 1 0 0 13 245 264 0.92803
1 0 1 0 0 2 0 0 16 61 75 0.813333
0 1 0 0 3 0 0 0 13 239 239 1
4 1 1 1 0 0 0 1 14 184 184 1
2 0 0 1 0 2 0 0 15 15 19 0.789474
3 1 2 1 0 0 0 0 10 23673 23676 0.999873
3 1 1 1 0 0 0 1 10 5249 5249 1
2 1 1 1 0 1 0 0 12 4973 4981 0.998394
0 0 1 0 2 0 0 0 5 19596 22812 0.859022
0 0 0 2 1 0 0 0 8 29209 33149 0.881143
2 1 2 0 0 0 0 1 10 39049 39109 0.998466
2 0 1 2 0 0 0 0 9 19178 19658 0.975582
1 1 1 0 2 0 0 0 11 8359 8397 0.995475
0 1 2 0 0 0 0 1 6 8151 8169 0.997797
1 1 2 0 0 0 0 1 2 5 5 1
1 0 0 0 1 0 0 2 16 170 293 0.580205
0 0 0 0 1 2 0 0 5 13 14 0.928571
0 0 0 1 1 0 1 0 4 1 1 1
3 1 1 1 0 1 0 0 18 2117 2119 0.999056
0 1 0 1 0 2 0 0 6 7 7 1
0 0 1 0 1 0 0 1 13 22039 31100 0.70865
4 1 0 1 0 0 0 2 16 6 6 1
1 1 0 0 1 1 0 1 15 235 236 0.995763
0 1 0 0 1 0 0 2 14 237 238 0.995798
1 0 0 0 0 1 0 2 15 28 51 0.54902
0 1 0 3 0 0 0 0 17 1679 1683 0.997623
1 1 0 0 2 0 1 0 10 2 2 1
1 0 0 0 0 1 0 2 18 14 28 0.5
1 1 0 1 2 0 0 0 11 2542 2548 0.997645
2 0 3 0 0 0 0 0 9 85765 87303 0.982383
0 0 1 0 0 1 0 1 16 892 1357 0.657332
2 0 3 0 0 0 0 0 12 28119 28562 0.98449
0 0 0 0 1 0 1 1 14 7 8 0.875
1 0 2 0 0 0 0 1 9 75834 98936 0.766496
1 0 1 0 0 0 0 2 18 265 507 0.522682
1 1 1 1 0 0 0 1 11 31918 32073 0.995167
2 1 0 1 2 0 0 0 5 31 31 1
1 0 0 3 0 0 0 0 9 5566 5859 0.949991
3 0 0 0 1 1 0 1 6 1 1 1
2 0 0 2 0 0 0 1 16 948 1323 0.716553
3 0 0 0 0 1 0 2 17 2 2 1
2 1 2 0 0 0 1 0 14 101 102 0.990196
0 0 2 0 0 1 0 0 11 29575 33723 0.876998
2 1 1 2 0 0 0 0 14 21546 21570 0.998887
2 0 2 1 0 0 0 0 18 3776 4502 0.838738
1 1 0 0 0 2 0 1 8 6 6 1
2 0 1 2 0 0 0 0 15 4443 4877 0.911011
0 0 2 1 0 0 0 0 9 920997 983154 0.936778
1 1 0 1 1 0 1 0 13 21 21 1
0 1 1 0 0 0 1 1 12 23 23 1
1 0 0 2 0 1 0 0 7 581 661 0.878971
1 0 0 0 1 0 1 1 17 0 1 0
2 0 1 2 0 0 0 0 14 6077 6480 0.937809
0 0 1 0 2 0 0 0 6 30865 35778 0.862681
3 1 1 0 1 1 0 0 17 543 543 1
2 1 1 1 0 1 0 0 11 4851 4859 0.998354
1 1 0 0 0 0 0 3 7 1 1 1
0 0 1 1 1 0 0 0 8 234867 262430 0.89497
2 1 1 1 1 0 0 0 13 24792 24822 0.998791
1 1 0 0 2 0 1 0 17 4 4 1
1 0 0 0 0 1 0 2 17 18 31 0.580645
1 1 0 1 2 0 0 0 10 2210 2220 0.995495
0 1 2 0 0 0 0 1 1 1 1 1
0 0 0 0 1 1 0 1 18 64 120 0.533333
0 1 1 0 0 1 1 0 13 12 12 1
2 1 2 0 1 0 0 0 6 9755 9762 0.999283
2 1 2 0 0 1 0 0 8 4302 4306 0.999071
3 0 0 0 1 0 0 2 6 1 1 1
2 1 0 0 1 2 0 0 10 26 26 1
1 0 1 2 0 0 0 0 9 62677 65639 0.954874
3 0 0 0 1 0 0 2 18 21 30 0.7
0 0 1 1 0 1 0 0 4 5456 6976 0.78211
0 0 2 1 0 0 0 0 7 1765499 1888165 0.935034
2 0 2 1 0 0 0 0 5 41913 43255 0.968975
2 0 1 0 1 0 0 1 15 2577 3676 0.701034
0 0 0 3 0 0 0 0 5 21702 23923 0.90716
2 0 0 0 0 1 0 2 3 1 1 1
2 0 2 1 0 0 0 0 4 18685 19519 0.957272
1 1 1 0 0 1 1 0 6 1 1 1
2 1 1 0 2 0 0 0 11 6631 6641 0.998494
0 0 0 3 0 0 0 0 4 13859 15195 0.912076
0 0 0 1 0 1 0 1 14 820 1146 0.715532
0 1 0 2 0 1 0 0 10 647 648 0.998457
0 0 0 1 1 1 0 0 2 4 8 0.5
0 1 1 1 1 0 0 0 10 23851 23894 0.9982
0 1 0 1 1 0 1 0 17 12 13 0.923077
1 1 1 0 2 0 0 0 7 2674 2696 0.99184
2 1 2 0 0 1 0 0 14 6132 6144 0.998047
1 1 0 0 0 2 0 1 9 8 8 1
2 0 1 2 0 0 0 0 18 2301 2831 0.812787
3 1 2 0 0 0 0 1 13 11722 11725 0.999744
1 1 0 0 1 1 1 0 17 5 5 1
2 0 3 0 0 0 0 0 15 6691 6860 0.975364
0 0 1 0 0 1 0 1 13 3345 4869 0.686999
0 0 0 1 0 0 0 2 18 119 224 0.53125
1 1 0 1 0 1 0 1 17 457 460 0.993478
2 1 0 0 1 1 0 1 18 281 282 0.996454
3 1 2 0 0 0 0 1 12 12084 12087 0.999752
2 1 2 0 0 0 1 0 16 103 103 1
3 1 0 1 0 1 0 1 16 127 127 1
1 0 1 0 0 2 0 0 17 47 64 0.734375
0 1 0 0 3 0 0 0 14 232 233 0.995708
2 0 0 0 2 1 0 0 5 2 3 0.666667
4 1 1 1 0 0 0 1 15 198 198 1
4 1 1 0 0 1 1 0 18 1 1 1
0 1 0 1 1 0 0 1 18 1368 1379 0.992023
3 1 1 0 1 0 1 0 9 6 6 1
1 0 0 1 1 0 1 0 16 8 9 0.888889
0 0 2 0 0 0 0 1 17 6126 9165 0.668412
2 1 1 0 0 0 0 2 16 1800 1808 0.995575
0 1 1 0 0 2 0 0 18 128 128 1
2 1 1 0 0 1 1 0 16 7 7 1
1 0 2 0 1 0 0 0 5 62584 66473 0.941495
0 1 0 2 0 0 0 1 16 2308 2321 0.994399
1 0 1 0 1 1 0 0 15 895 1125 0.795556
0 0 0 1 1 1 0 0 17 352 456 0.77193
2 0 1 0 1 0 0 1 5 311 393 0.791349
3 1 2 1 0 0 0 0 8 16861 16861 1
3 0 1 0 1 0 0 1 5 4 4 1
0 0 0 0 2 0 0 1 14 1057 1525 0.693115
1 1 0 1 1 0 1 0 18 58 58 1
3 1 1 0 0 1 0 1 14 489 489 1
1 1 1 0 0 1 0 1 13 2094 2111 0.991947
2 0 0 1 0 1 0 1 11 216 305 0.708197
1 0 1 0 1 0 1 0 18 7 11 0.636364
0 1 0 1 2 0 0 0 12 1699 1703 0.997651
0 0 1 1 0 0 0 1 6 95647 146808 0.651511
1 0 1 0 1 1 0 0 13 1603 1957 0.819111
3 1 0 0 2 1 0 0 8 9 9 1
0 1 0 2 1 0 0 0 13 3291 3296 0.998483
1 0 1 0 1 0 1 0 7 24 25 0.96
1 1 3 0 0 0 0 0 12 75588 75741 0.99798
1 1 0 2 0 1 0 0 12 946 952 0.993697
1 0 0 0 2 0 1 0 13 2 3 0.666667
1 1 0 0 0 2 0 1 15 10 10 1
1 1 2 0 0 0 0 1 16 22115 22314 0.991082
0 1 0 1 2 0 0 0 11 1705 1707 0.998828
0 0 1 1 0 0 0 1 7 123979 184103 0.673422
2 0 1 0 0 2 0 0 5 3 3 1
0 1 0 0 1 2 0 0 9 18 18 1
3 1 0 2 0 0 0 1 18 1479 1481 0.99865
4 1 0 1 2 0 0 0 9 3 3 1
1 0 0 1 2 0 0 0 12 1944 2239 0.868245
2 1 2 0 0 1 0 0 10 7552 7563 0.998546
2 1 1 1 0 1 0 0 17 2954 2964 0.996626
1 0 0 2 0 0 1 0 5 1 2 0.5
0 0 1 1 0 0 0 1 13 56090 75994 0.738085
2 0 1 0 0 0 1 1 7 2 4 0.5
0 0 1 1 1 0 0 0 11 121150 136594 0.886935
4 1 1 0 2 0 0 0 6 1 1 1
3 1 1 0 0 1 0 1 8 111 112 0.991071
1 0 1 0 0 1 0 1 18 325 542 0.599631
0 1 1 1 1 0 0 0 11 23608 23653 0.998097
3 0 0 1 1 0 1 0 13 1 1 1
0 0 1 1 0 0 0 1 10 124229 171893 0.722711
1 0 0 1 2 0 0 0 15 917 1112 0.82464
2 1 2 0 0 1 0 0 13 7177 7190 0.998192
1 0 0 0 3 0 0 0 8 307 365 0.841096
2 1 0 0 3 0 0 0 7 46 46 1
1 1 0 0 1 0 1 1 13 5 5 1
1 1 0 1 0 2 0 0 7 14 14 1
1 1 1 0 0 1 0 1 8 647 648 0.998457
0 0 0 0 2 1 0 0 12 413 499 0.827655
3 1 2 0 1 0 0 0 13 10342 10342 1
3 1 1 0 0 1 0 1 17 358 358 1
4 1 2 0 0 0 0 1 9 122 122 1
1 0 1 2 0 0 0 0 3 9805 10660 0.919794
4 1 1 1 0 1 0 0 8 9 9 1
2 0 2 0 1 0 0 0 8 30236 31124 0.971469
2 0 1 0 0 0 1 1 9 3 6 0.5
0 0 1 1 1 0 0 0 13 56772 64834 0.875652
0 1 1 0 2 0 0 0 17 2049 2055 0.99708
0 0 0 0 1 0 1 1 5 3 4 0.75
0 1 2 0 1 0 0 0 18 4921 4940 0.996154
1 1 0 0 2 1 0 0 11 193 196 0.984694
3 0 0 0 2 0 0 1 6 1 4 0.25
0 1 0 1 2 0 0 0 17 1019 1021 0.998041
2 0 2 0 0 1 0 0 16 877 1063 0.825024
1 1 3 0 0 0 0 0 9 134832 135175 0.997463
0 1 0 2 0 0 1 0 12 10 10 1
0 1 0 1 1 1 0 0 11 612 613 0.998369
1 0 3 0 0 0 0 0 13 37628 38779 0.970319
2 1 0 2 0 0 0 1 4 8 8 1
2 0 0 2 0 0 0 1 18 796 1184 0.672297
0 1 1 0 1 1 0 0 16 1015 1017 0.998033
0 1 0 0 0 2 0 1 18 7 7 1
0 1 2 0 1 0 0 0 15 13401 13435 0.997469
2 0 1 1 0 0 1 0 12 29 31 0.935484
1 0 0 0 2 0 0 1 8 464 689 0.67344
3 1 2 0 1 0 0 0 18 8188 8189 0.999878
3 0 0 3 0 0 0 0 15 44 50 0.88
2 1 1 0 0 1 1 0 8 2 2 1
0 1 1 0 1 1 0 0 17 836 838 0.997613
0 1 0 0 0 2 0 1 17 9 9 1
0 0 0 0 1 0 1 1 3 1 1 1
0 1 2 0 1 0 0 0 16 9653 9676 0.997623
3 1 1 0 0 0 0 2 13 923 924 0.998918
0 0 0 2 0 0 0 1 12 12904 17890 0.721297
2 1 0 0 1 0 0 2 10 196 198 0.989899
0 0 0 1 0 1 0 1 7 819 1326 0.617647
3 0 0 0 1 1 0 1 11 5 8 0.625
1 1 1 0 1 1 0 0 13 2848 2864 0.994413
3 0 1 2 0 0 0 0 18 361 405 0.891358
2 1 1 1 0 0 0 1 11 24854 24909 0.997792
0 1 1 0 1 1 0 0 13 1804 1810 0.996685
0 1 0 1 0 0 1 1 17 7 7 1
1 0 0 1 1 1 0 0 12 685 838 0.817422
0 0 1 1 0 1 0 0 13 9768 11385 0.857971
1 1 3 0 0 0 0 0 4 36236 36279 0.998815
0 1 1 0 2 0 0 0 11 5741 5752 0.998088
3 1 1 2 0 0 0 0 11 7240 7241 0.999862
0 1 0 1 2 0 0 0 10 1582 1583 0.999368
0 0 2 0 0 0 1 0 7 590 676 0.872781
1 0 2 1 0 0 0 0 9 223706 232432 0.962458
2 1 0 2 1 0 0 0 3 1 1 1
0 0 3 0 0 0 0 0 8 1714090 1813257 0.94531
3 1 3 0 0 0 0 0 18 7433 7433 1
2 1 1 2 0 0 0 0 12 26934 26951 0.999369
2 1 1 1 0 0 0 1 17 13125 13171 0.996507
1 0 1 1 0 0 0 1 8 35150 47200 0.744703
1 1 2 0 0 0 0 1 9 41791 41988 0.995308
0 0 1 1 0 1 0 0 11 18581 21506 0.863991
3 0 1 1 0 1 0 0 8 80 80 1
1 0 0 0 1 1 1 0 13 2 2 1
0 1 0 2 1 0 0 0 15 2772 2775 0.998919
0 1 0 0 2 0 1 0 11 4 4 1
1 1 1 1 0 1 0 0 8 3224 3250 0.992
0 0 0 0 2 1 0 0 15 171 204 0.838235
1 1 0 2 0 1 0 0 15 929 937 0.991462
1 1 0 1 1 0 0 1 10 3077 3099 0.992901
1 0 0 0 2 0 1 0 18 4 7 0.571429
0 1 1 1 0 0 1 0 7 23 24 0.958333
1 1 0 0 0 2 0 1 18 17 17 1
1 1 2 0 0 0 0 1 13 44560 44750 0.995754
3 0 0 0 1 2 0 0 12 1 1 1
0 0 1 1 0 1 0 0 14 6632 7789 0.851457
3 1 3 0 0 0 0 0 9 26804 26805 0.999963
3 1 0 0 0 1 0 2 15 10 10 1
2 0 1 1 1 0 0 0 16 3409 3923 0.868978
0 1 1 0 0 2 0 0 10 172 173 0.99422
3 0 1 1 0 0 1 0 10 2 2 1
0 0 1 0 0 0 0 2 13 7404 12172 0.608281
2 1 0 1 2 0 0 0 9 1304 1307 0.997705
1 1 2 1 0 0 0 0 6 62754 62992 0.996222
3 1 1 1 0 0 0 1 9 3683 3683 1
1 1 0 2 1 0 0 0 7 1719 1730 0.993642
0 0 0 0 0 0 1 2 7 2 2 1
3 0 0 1 1 1 0 0 18 65 78 0.833333
2 1 1 0 1 1 0 0 12 2392 2396 0.998331
3 1 1 0 1 1 0 0 16 584 584 1
2 1 1 2 0 0 0 0 11 28667 28688 0.999268
0 1 1 1 1 0 0 0 3 184 184 1
2 1 1 1 0 0 1 0 11 88 88 1
0 0 0 2 0 0 0 1 6 8925 14170 0.629852
0 0 1 0 2 0 0 0 10 34155 39639 0.861651
3 1 1 0 1 1 0 0 18 1207 1207 1
2 1 1 2 0 0 0 0 13 24567 24588 0.999146
1 1 1 1 1 0 0 0 6 7370 7403 0.995542
0 0 1 2 0 0 0 0 3 194640 211439 0.920549
0 0 0 2 0 0 0 1 8 16487 24506 0.672774
0 0 2 0 0 0 0 1 5 203136 307913 0.659719
3 1 0 2 0 0 1 0 9 3 3 1
1 0 2 1 0 0 0 0 8 285681 297048 0.961733
0 0 2 0 0 0 0 1 13 75139 99709 0.753583
1 1 1 0 1 0 0 1 14 11513 11580 0.994214
4 1 1 0 0 1 0 1 15 12 12 1
1 1 1 1 0 1 0 0 10 5684 5717 0.994228
1 0 2 1 0 0 0 0 7 334806 349108 0.959033
0 0 1 0 0 1 0 1 14 2286 3280 0.696951
1 1 0 0 1 1 1 0 18 13 13 1
2 0 3 0 0 0 0 0 14 10959 11189 0.979444
3 0 0 0 0 0 0 3 16 3 6 0.5
0 0 1 1 1 0 0 0 15 22695 26547 0.854899
2 0 0 1 0 1 0 1 8 106 141 0.751773
1 1 0 2 0 0 1 0 11 26 26 1
2 0 1 0 1 0 1 0 18 8 10 0.8
1 0 0 0 3 0 0 0 5 48 54 0.888889
2 1 0 0 1 0 0 2 9 137 137 1
0 0 2 0 0 0 0 1 9 265676 364793 0.728292
1 1 1 1 0 1 0 0 16 3922 3955 0.991656
3 1 0 0 0 2 0 1 14 7 7 1
2 1 1 0 2 0 0 0 4 27 27 1
1 1 0 0 2 0 0 1 10 563 569 0.989455
1 0 1 0 0 2 0 0 6 55 66 0.833333
1 1 1 0 0 2 0 0 8 113 113 1
1 1 1 1 0 0 0 1 18 12525 12680 0.987776
1 1 1 0 2 0 0 0 17 4090 4128 0.990795
0 0 1 0 1 1 0 0 2 86 119 0.722689
1 0 0 1 0 0 0 2 12 1212 2096 0.578244
2 0 1 0 0 1 0 1 5 29 35 0.828571
1 0 0 0 2 1 0 0 11 151 189 0.798942
0 0 2 0 0 1 0 0 3 6602 8546 0.772525
0 0 1 1 1 0 0 0 9 204072 228444 0.893313
3 0 1 1 0 0 1 0 13 1 1 1
2 0 1 0 0 0 0 2 14 1263 2011 0.628046
0 0 1 0 0 0 0 2 16 1489 2445 0.608998
1 0 1 1 1 0 0 0 9 51569 55353 0.931639
0 0 0 3 0 0 0 0 7 28753 31498 0.912852
0 1 3 0 0 0 0 0 13 29670 29714 0.998519
0 1 0 0 2 0 0 1 13 521 521 1
3 0 2 1 0 0 0 0 10 3174 3201 0.991565
0 1 1 2 0 0 0 0 13 17323 17350 0.998444
0 0 1 0 2 0 0 0 7 39378 45659 0.862437
4 1 1 2 0 0 0 0 17 105 105 1
2 1 2 0 0 1 0 0 18 4753 4771 0.996227
3 0 1 1 0 1 0 0 15 125 143 0.874126
0 0 1 0 1 1 0 0 17 704 869 0.810127
2 0 3 0 0 0 0 0 10 62876 63886 0.984191
0 0 0 2 0 0 0 1 9 18050 25989 0.694525
2 1 2 1 0 0 0 0 3 486 486 1
2 1 0 3 0 0 0 0 16 2494 2498 0.998399
2 1 0 2 1 0 0 0 8 1868 1871 0.998397
0 1 2 1 0 0 0 0 8 82020 82168 0.998199
0 0 0 0 0 1 1 1 9 2 4 0.5
0 1 3 0 0 0 0 0 11 58870 58963 0.998423
0 0 0 0 0 2 0 1 14 21 38 0.552632
1 0 1 0 2 0 0 0 17 1161 1460 0.795205
2 1 1 0 1 0 0 1 7 1695 1697 0.998821
0 0 3 0 0 0 0 0 10 620797 652543 0.95135
3 1 1 2 0 0 0 0 9 5633 5633 1
0 1 1 2 0 0 0 0 12 20391 20436 0.997798
3 1 2 1 0 0 0 0 7 10995 10996 0.999909
0 0 0 0 1 0 1 1 15 0 4 0
1 0 2 0 0 0 0 1 8 75071 98492 0.762204
0 0 1 0 0 1 0 1 17 484 719 0.673157
1 1 0 2 0 0 1 0 12 34 34 1
1 0 0 0 3 0 0 0 6 112 123 0.910569
2 1 0 2 0 0 0 1 9 2048 2051 0.998537
0 1 1 0 0 1 0 1 18 523 525 0.99619
2 0 0 0 1 1 0 1 8 24 40 0.6
3 1 1 2 0 0 0 0 15 5478 5479 0.999817
2 1 2 1 0 0 0 0 5 14670 14679 0.999387
2 0 0 2 1 0 0 0 9 2132 2214 0.962963
0 0 1 2 0 0 0 0 10 192092 208642 0.920678
0 1 1 0 0 2 0 0 5 6 6 1
3 1 0 2 1 0 0 0 9 637 637 1
3 0 1 0 0 1 1 0 7 1 1 1
4 1 0 3 0 0 0 0 18 45 45 1
0 0 1 0 0 1 0 1 12 4301 6309 0.681725
0 1 1 1 0 0 0 1 12 19358 19425 0.996551
1 1 0 1 0 1 0 1 14 622 629 0.988871
0 0 0 1 0 1 0 1 9 1497 2390 0.62636
0 0 1 0 0 0 0 2 4 674 1333 0.505626
1 1 0 1 0 1 0 1 16 544 549 0.990893
1 1 0 1 0 1 0 1 6 19 19 1
1 1 1 1 0 1 0 0 12 6239 6262 0.996327
1 0 0 2 0 1 0 0 8 808 902 0.895787
2 0 1 2 0 0 0 0 17 2308 2632 0.8769
2 1 0 0 2 1 0 0 6 3 3 1
3 0 1 0 2 0 0 0 7 58 59 0.983051
2 1 1 2 0 0 0 0 16 16240 16270 0.998156
2 0 2 1 0 0 0 0 16 6513 7048 0.924092
3 1 0 1 0 2 0 0 8 3 3 1
1 0 0 0 0 2 0 1 12 14 27 0.518519
3 1 1 0 1 0 0 1 14 2889 2891 0.999308
1 0 0 1 0 0 0 2 13 1056 1797 0.587646
0 0 0 1 0 0 0 2 10 3654 6316 0.578531
0 0 0 1 0 1 0 1 8 1168 1903 0.613768
0 0 0 2 1 0 0 0 10 23424 26715 0.876811
1 1 3 0 0 0 0 0 2 1700 1701 0.999412
3 0 3 0 0 0 0 0 4 730 752 0.970745
2 0 2 0 1 0 0 0 11 21269 22348 0.951718
1 0 0 0 1 1 1 0 12 1 1 1
3 1 0 0 2 1 0 0 9 17 17 1
0 1 0 2 1 0 0 0 16 2528 2538 0.99606
4 1 1 1 0 0 1 0 17 3 3 1
0 1 0 0 1 1 0 1 11 147 147 1
3 1 1 0 1 0 0 1 9 1457 1457 1
2 0 0 0 3 0 0 0 10 104 121 0.859504
0 0 3 0 0 0 0 0 2 12897892 13728554 0.939494
3 1 1 0 1 0 1 0 10 9 9 1
0 0 3 0 0 0 0 0 4 7718100 8201980 0.941004
3 0 1 0 1 0 0 1 8 182 213 0.85446
0 0 0 2 1 0 0 0 13 10298 11970 0.860317
2 0 2 1 0 0 0 0 6 64582 66250 0.974823
1 0 2 0 0 1 0 0 11 9269 10397 0.891507
3 1 0 2 1 0 0 0 11 1026 1026 1
0 1 2 1 0 0 0 0 7 72430 72540 0.998484
0 1 0 0 3 0 0 0 12 274 276 0.992754
2 0 1 1 0 1 0 0 17 554 673 0.82318
1 0 1 1 1 0 0 0 6 36211 38569 0.938863
3 0 3 0 0 0 0 0 17 286 292 0.979452
1 0 0 0 0 1 0 2 9 33 63 0.52381
3 0 1 0 0 0 2 0 18 1 1 1
0 1 1 0 2 0 0 0 18 2134 2143 0.9958
3 1 1 0 1 0 0 1 16 2203 2203 1
1 1 1 1 0 1 0 0 18 4713 4773 0.987429
0 0 1 1 0 0 0 1 11 102211 139789 0.731181
2 1 2 0 0 1 0 0 7 2440 2443 0.998772
3 0 0 0 1 0 0 2 7 3 3 1
1 0 1 2 0 0 0 0 8 71579 74822 0.956657
0 0 2 1 0 0 0 0 10 614891 656629 0.936436
2 0 3 0 0 0 0 0 6 115411 118320 0.975414
0 0 2 0 0 0 0 1 8 295155 414360 0.712315
1 0 0 2 0 1 0 0 12 689 806 0.854839
2 1 0 0 1 2 0 0 17 35 35 1
1 0 2 0 0 1 0 0 6 8438 9305 0.906824
2 1 0 2 0 0 0 1 8 1179 1180 0.999153
2 0 0 0 0 1 0 2 7 2 5 0.4
2 0 2 1 0 0 0 0 8 79405 81047 0.97974
2 0 2 0 0 1 0 0 14 1741 2011 0.865738
0 1 1 0 2 0 0 0 15 3112 3119 0.997756
0 0 0 1 1 0 1 0 15 12 14 0.857143
0 0 1 0 1 0 1 0 10 142 157 0.904459
2 1 0 2 1 0 0 0 7 1039 1040 0.999038
3 1 0 0 0 1 1 1 14 1 1 1
2 1 0 3 0 0 0 0 17 2374 2381 0.99706
0 0 0 2 0 0 0 1 5 5202 8369 0.62158
0 0 0 0 0 1 0 2 13 114 184 0.619565
0 0 1 2 0 0 0 0 8 330072 357026 0.924504
2 1 2 0 0 1 0 0 6 1037 1038 0.999037
3 0 0 0 1 0 0 2 8 6 7 0.857143
1 0 1 2 0 0 0 0 7 73168 76646 0.954623
1 1 0 1 1 1 0 0 8 308 309 0.996764
0 1 2 1 0 0 0 0 6 56427 56531 0.99816
3 1 1 0 1 1 0 0 13 721 721 1
0 0 0 0 0 2 0 1 10 37 58 0.637931
1 0 1 0 2 0 0 0 13 4690 5475 0.856621
3 0 0 0 2 0 0 1 8 7 9 0.777778
0 1 0 1 2 0 0 0 15 1268 1273 0.996072
3 1 0 2 0 0 0 1 6 21 21 1
2 1 1 0 0 0 0 2 11 2894 2902 0.997243
2 0 0 2 0 0 0 1 14 1352 1893 0.71421
1 1 0 1 1 1 0 0 15 779 780 0.998718
1 1 1 0 0 0 0 2 14 3511 3536 0.99293
1 0 0 1 1 1 0 0 10 798 936 0.852564
3 1 0 1 1 1 0 0 8 44 44 1
0 0 0 2 0 1 0 0 8 3498 4178 0.837243
0 1 2 1 0 0 0 0 9 82966 83113 0.998231
2 0 1 0 1 0 0 1 14 3339 4740 0.70443
0 0 0 3 0 0 0 0 6 26850 29561 0.908291
1 1 0 1 0 1 1 0 7 1 1 1
0 0 0 3 0 0 0 0 9 23411 25788 0.907825
1 1 0 0 2 1 0 0 14 193 195 0.989744
1 0 1 1 0 1 0 0 10 6851 7691 0.890781
3 0 0 2 0 1 0 0 13 22 25 0.88
0 0 0 3 0 0 0 0 17 1643 1988 0.826459
2 0 0 0 2 0 1 0 14 1 1 1
0 0 0 0 0 2 0 1 18 4 8 0.5
1 0 2 0 1 0 0 0 14 17078 19282 0.885697
1 0 1 1 1 0 0 0 8 53537 57068 0.938126
1 0 0 2 0 0 1 0 12 5 5 1
0 1 1 2 0 0 0 0 8 21647 21686 0.998202
0 1 0 0 0 0 1 2 11 1 1 1
2 0 2 1 0 0 0 0 7 78213 80021 0.977406
1 0 1 1 0 0 0 1 17 5323 7999 0.665458
2 0 1 0 0 1 1 0 11 7 7 1
4 1 0 0 2 0 0 1 13 2 2 1
0 0 0 1 1 0 0 1 7 7549 12104 0.623678
0 1 0 2 1 0 0 0 11 3676 3680 0.998913
4 1 0 1 0 1 0 1 18 22 22 1
4 1 1 0 1 0 0 1 15 61 61 1
1 0 0 1 1 1 0 0 11 763 899 0.848721
3 1 0 1 1 1 0 0 7 24 24 1
0 0 0 2 0 1 0 0 7 2936 3546 0.827975
3 1 2 0 1 0 0 0 16 6426 6427 0.999844
1 1 0 0 2 0 0 1 6 36 36 1
0 0 0 2 1 0 0 0 7 27251 31035 0.878073
3 0 0 3 0 0 0 0 17 40 44 0.909091
2 0 2 0 0 0 0 1 15 7775 10606 0.733076
4 1 2 0 1 0 0 0 10 190 190 1
1 0 3 0 0 0 0 0 2 191090 213429 0.895333
2 1 1 0 0 1 1 0 17 6 6 1
0 1 0 2 0 0 0 1 17 1904 1911 0.996337
1 0 2 0 1 0 0 0 4 32167 34463 0.933378
1 0 0 1 1 0 1 0 17 8 10 0.8
0 0 2 0 0 0 0 1 18 1421 2652 0.535822
0 1 0 0 2 1 0 0 16 117 117 1
3 0 1 0 0 0 0 2 12 203 276 0.735507
3 1 1 1 1 0 0 0 9 4768 4768 1
3 0 0 0 0 1 0 2 14 7 9 0.777778
3 1 0 1 0 1 0 1 11 120 120 1
1 1 0 0 1 0 0 2 16 281 282 0.996454
2 1 2 0 0 0 0 1 13 39062 39125 0.99839
0 0 2 1 0 0 0 0 11 392953 420540 0.934401
0 1 0 1 1 0 1 0 5 1 1 1
1 1 1 0 0 2 0 0 17 177 179 0.988827
2 0 2 0 1 0 0 0 13 11747 12669 0.927224
1 1 0 2 1 0 0 0 5 243 245 0.991837
1 0 0 1 1 0 0 1 13 2996 4326 0.692557
1 1 0 0 1 1 1 0 16 5 5 1
2 1 0 2 1 0 0 0 16 3439 3449 0.997101
3 0 0 1 0 1 0 1 11 25 34 0.735294
0 1 2 1 0 0 0 0 10 76694 76814 0.998438
2 1 1 0 1 0 0 1 9 5840 5852 0.997949
2 1 0 0 0 1 0 2 7 3 3 1
0 0 1 0 1 0 0 1 7 33528 51970 0.645141
1 1 0 1 0 2 0 0 5 1 1 1
0 0 0 0 2 1 0 0 10 558 718 0.777159
3 1 2 0 1 0 0 0 11 11675 11675 1
4 1 0 1 1 0 0 1 8 4 4 1
3 0 2 0 0 0 0 1 16 1040 1290 0.806202
1 0 2 0 0 0 0 1 4 13548 18686 0.725035
2 1 3 0 0 0 0 0 16 21109 21134 0.998817
0 0 3 0 0 0 0 0 13 96718 101894 0.949202
0 1 1 0 0 1 0 1 10 1057 1059 0.998111
1 0 1 0 1 1 0 0 9 2973 3419 0.869553
1 0 0 0 0 3 0 0 8 0 2 0
1 0 0 2 0 1 0 0 16 293 359 0.816156
0 0 1 0 0 1 1 0 12 17 19 0.894737
0 0 0 0 1 1 0 1 13 423 644 0.656832
3 0 1 0 1 0 0 1 4 1 1 1
0 0 0 0 2 0 0 1 13 1458 2125 0.686118
2 1 0 1 1 1 0 0 5 7 7 1
2 0 2 0 0 0 0 1 9 24501 29689 0.825255
0 1 0 0 3 0 0 0 18 243 243 1
2 1 2 0 0 0 0 1 16 20712 20762 0.997592
0 0 2 0 0 0 1 0 6 465 548 0.84854
1 0 2 1 0 0 0 0 4 219631 233262 0.941564
2 1 0 0 0 1 0 2 8 5 5 1
0 0 1 0 1 0 0 1 8 42324 63839 0.66298
1 1 2 1 0 0 0 0 15 46296 46509 0.99542
3 1 1 0 1 0 1 0 7 2 2 1
1 0 0 1 1 0 1 0 18 8 9 0.888889
0 0 2 0 0 0 0 1 15 25142 33701 0.746031
3 1 0 0 0 1 0 2 14 11 11 1
2 0 1 1 1 0 0 0 17 2554 3017 0.846536
0 1 1 0 0 2 0 0 11 179 179 1
3 0 1 1 0 0 1 0 11 3 3 1
0 0 1 0 0 0 0 2 14 4878 7964 0.612506
2 0 3 0 0 0 0 0 7 119993 122549 0.979143
1 1 0 0 0 3 0 0 18 6 6 1
2 1 1 0 1 1 0 0 16 1708 1710 0.99883
0 0 1 0 0 0 0 2 12 10008 16398 0.610318
3 1 0 0 1 0 0 2 18 72 72 1
1 1 0 0 1 1 0 1 7 28 28 1
3 0 0 1 0 0 0 2 18 79 87 0.908046
1 1 1 2 0 0 0 0 5 5715 5728 0.99773
0 1 3 0 0 0 0 0 8 101915 102070 0.998481
0 1 0 1 0 2 0 0 18 67 67 1
3 1 1 0 1 0 0 1 18 2879 2882 0.998959
1 1 1 2 0 0 0 0 8 28572 28679 0.996269
0 1 3 0 0 0 0 0 9 91978 92134 0.998307
4 1 1 0 0 1 0 1 18 33 33 1
0 0 0 1 0 1 0 1 15 578 836 0.691388
1 0 1 0 0 1 0 1 5 170 258 0.658915
0 0 2 0 1 0 0 0 10 271359 299584 0.905786
4 1 0 1 2 0 0 0 8 2 2 1
1 0 0 1 2 0 0 0 13 1569 1841 0.852254
4 1 1 2 0 0 0 0 12 116 116 1
0 0 0 1 1 0 1 0 8 38 46 0.826087
2 1 2 0 0 1 0 0 11 8054 8074 0.997523
2 1 1 1 0 1 0 0 18 5120 5146 0.994948
3 0 0 1 1 0 1 0 11 1 1 1
0 0 1 1 0 0 0 1 12 78409 106226 0.738134
1 1 2 1 0 0 0 0 18 23367 23596 0.990295
2 1 0 0 1 0 1 1 15 3 3 1
0 0 0 1 0 0 0 2 11 3523 6121 0.57556
1 1 2 0 1 0 0 0 15 25681 25790 0.995774
1 1 0 2 1 0 0 0 9 4088 4101 0.99683
1 1 1 0 0 1 1 0 9 7 7 1
1 1 1 2 0 0 0 0 7 20612 20708 0.995364
1 0 1 1 1 0 0 0 5 21366 22840 0.935464
0 0 2 0 0 0 0 1 6 262083 388012 0.675451
1 1 0 1 2 0 0 0 6 263 263 1
2 1 1 0 0 0 0 2 17 1186 1190 0.996639
3 1 1 0 1 0 1 0 8 2 2 1
0 0 2 0 0 0 0 1 16 13064 18062 0.723286
4 1 1 1 0 0 0 1 18 345 345 1
3 1 2 0 0 1 0 0 9 1515 1516 0.99934
2 1 2 0 0 1 0 0 9 6135 6142 0.99886
0 0 3 0 0 0 0 0 1 15814463 16889063 0.936373
1 0 1 0 0 0 0 2 2 3 5 0.6
0 0 1 2 0 0 0 0 13 60221 66863 0.900663
0 0 0 1 2 0 0 0 11 8001 9361 0.854716
3 0 1 0 1 0 0 1 6 40 41 0.97561
0 0 0 0 2 0 0 1 11 2171 3245 0.669029
1 1 0 1 0 0 1 1 7 2 2 1
0 0 2 0 0 0 0 1 7 294264 423292 0.69518
2 1 1 0 1 1 0 0 10 1891 1897 0.996837
0 0 0 0 0 1 1 1 8 1 1 1
0 1 3 0 0 0 0 0 14 19557 19590 0.998315
4 1 1 0 1 1 0 0 9 7 7 1
0 1 3 0 0 0 0 0 5 73599 73722 0.998332
3 1 1 1 1 0 0 0 6 593 593 1
0 0 1 1 0 0 0 1 9 138076 195200 0.707357
2 0 2 0 1 0 0 0 6 17847 18367 0.971688
2 1 0 0 0 0 0 3 14 52 52 1
0 1 1 0 0 1 0 1 16 727 730 0.99589
3 1 1 2 0 0 0 0 13 6744 6744 1
3 0 1 0 0 2 0 0 17 3 4 0.75
3 1 0 1 1 0 0 1 18 1385 1385 1
1 1 1 0 1 1 0 0 14 2518 2529 0.99565
1 1 0 3 0 0 0 0 17 3232 3264 0.990196
3 1 1 0 0 1 0 1 18 606 606 1
2 1 0 0 0 0 1 2 16 1 1 1
2 0 2 0 1 0 0 0 7 25954 26665 0.973336
2 0 1 0 0 0 1 1 8 5 7 0.714286
0 0 1 1 1 0 0 0 12 84948 96431 0.88092
1 1 0 0 1 0 1 1 14 2 2 1
0 0 0 0 2 1 0 0 11 513 640 0.801562
3 1 2 0 1 0 0 0 14 8973 8973 1
2 0 0 1 0 0 0 2 18 146 224 0.651786
2 0 3 0 0 0 0 0 8 107170 109168 0.981698
2 0 0 0 0 1 0 2 4 1 1 1
2 0 2 1 0 0 0 0 9 70821 72206 0.980819
0 1 1 0 0 1 0 1 17 575 579 0.993092
4 1 0 3 0 0 0 0 8 5 5 1
1 0 1 0 1 1 0 0 10 2973 3435 0.865502
0 0 0 3 0 0 0 0 3 6489 7217 0.899127
1 1 0 0 0 0 0 3 11 68 69 0.985507
2 1 0 2 0 0 0 1 18 3660 3686 0.992946
1 0 0 0 1 0 1 1 16 2 2 1
2 0 1 2 0 0 0 0 13 8085 8545 0.946167
0 0 1 0 2 0 0 0 8 42550 49207 0.864714
2 0 0 1 0 1 1 0 18 0 1 0
2 0 2 0 0 0 0 1 17 3481 4884 0.712735
0 0 1 0 1 1 0 0 18 486 684 0.710526
4 1 0 1 0 1 0 1 17 10 10 1
4 1 1 0 1 0 0 1 18 148 148 1
2 0 3 0 0 0 0 0 17 2411 2535 0.951085
0 1 1 0 2 0 0 0 5 438 439 0.997722
3 0 0 0 0 0 0 3 13 3 5 0.6
1 1 0 0 2 1 0 0 9 99 100 0.99
0 0 1 1 1 0 0 0 18 3890 5620 0.692171
1 0 1 0 1 0 0 1 17 2224 3391 0.655854
2 0 1 0 0 0 0 2 4 6 10 0.6
1 1 1 0 1 1 0 0 15 2148 2166 0.99169
2 1 1 1 0 0 0 1 13 25550 25591 0.998398
2 1 0 3 0 0 0 0 10 2663 2666 0.998875
0 0 3 0 0 0 0 0 6 3956582 4204070 0.941131
3 1 2 0 1 0 0 0 12 11362 11365 0.999736
